Date,Open,High,Low,Last,Close,Total Trade Quantity,Turnover (Lacs)
2018-03-13,555.55,571.0,554.0,568.35,568.95,167853.0,944.79
2018-03-12,550.1,565.0,548.65,563.0,561.45,234703.0,1309.45
2018-03-09,549.5,554.95,542.65,548.0,547.6,177837.0,975.54
2018-03-08,544.0,563.3,533.25,547.05,549.35,376269.0,2069.58
2018-03-07,549.05,549.45,525.5,538.4,541.85,286508.0,1543.44
2018-03-06,567.0,572.85,545.0,549.5,553.7,443015.0,2485.93
2018-03-05,569.55,579.95,556.4,562.6,564.75,270640.0,1538.93
2018-03-01,560.05,581.3,560.05,573.0,573.15,327446.0,1873.21
2018-02-28,550.0,575.8,545.45,563.0,564.6,839315.0,4751.61
2018-02-27,564.75,574.75,550.85,555.95,555.1,473559.0,2653.56
2018-02-26,547.0,567.4,543.8,562.0,564.75,444795.0,2493.29
2018-02-23,546.95,552.8,531.0,547.0,546.6,372117.0,2017.68
2018-02-22,519.95,544.0,510.0,543.8,540.85,332565.0,1766.48
2018-02-21,534.0,534.75,517.0,521.5,522.9,361290.0,1895.95
2018-02-20,531.7,538.0,526.35,532.45,532.45,274897.0,1461.24
2018-02-19,557.05,560.45,534.0,534.6,537.1,307729.0,1672.43
2018-02-16,562.75,562.75,547.5,557.0,555.3,531581.0,2948.96
2018-02-15,590.2,590.25,548.9,557.8,553.85,1122033.0,6412.48
2018-02-14,600.0,616.0,588.0,598.2,600.0,801069.0,4810.47
2018-02-12,597.2,602.5,581.75,590.0,592.2,318859.0,1876.03
2018-02-09,583.0,595.05,576.9,594.95,588.15,124823.0,732.6
2018-02-08,600.0,603.45,586.2,591.0,590.55,411558.0,2440.6
2018-02-07,621.0,621.0,589.4,594.55,594.55,152101.0,915.03
2018-02-06,575.0,600.85,569.05,598.0,596.8,336609.0,1967.6
2018-02-05,590.0,606.95,568.95,597.6,592.1,443225.0,2643.83
2018-02-02,624.0,633.9,575.0,591.7,592.85,610309.0,3666.51
2018-02-01,622.0,637.9,618.6,625.0,625.95,536770.0,3382.47
2018-01-31,633.05,637.6,614.3,622.9,624.2,277137.0,1743.46
2018-01-30,661.2,674.3,640.1,641.9,643.2,152383.0,988.84
2018-01-29,661.8,671.85,659.9,663.35,663.1,107057.0,710.4
2018-01-25,670.0,677.1,656.7,660.0,663.85,292796.0,1948.04
2018-01-24,684.0,694.3,670.0,673.15,674.5,181400.0,1237.09
2018-01-23,694.9,708.95,683.55,691.0,688.1,428848.0,2984.9
2018-01-22,684.0,698.0,681.1,693.0,693.05,257164.0,1769.92
2018-01-19,670.65,690.95,667.95,689.2,683.85,279638.0,1913.02
2018-01-18,674.0,693.0,665.5,668.0,670.75,231748.0,1578.98
2018-01-17,660.0,675.0,660.0,673.4,672.75,100217.0,672.15
2018-01-16,673.3,681.7,651.1,669.7,665.5,220865.0,1465.4
2018-01-15,683.0,688.35,665.5,670.0,669.05,222991.0,1509.91
2018-01-12,695.2,706.05,672.8,679.0,676.7,318199.0,2181.09
2018-01-11,707.15,707.15,692.2,696.0,695.2,210266.0,1469.15
2018-01-10,712.0,718.5,691.0,703.3,707.15,225161.0,1587.8
2018-01-09,724.55,734.0,710.0,712.15,714.75,74755.0,536.52
2018-01-08,720.0,728.7,711.05,720.0,724.55,294843.0,2126.13
2018-01-05,689.5,721.3,689.5,714.55,715.2,288143.0,2058.12
2018-01-04,692.75,702.9,687.0,696.5,696.45,119464.0,830.39
2018-01-03,686.5,697.9,686.5,693.0,692.75,81858.0,567.64
2018-01-02,696.0,700.6,685.0,688.0,687.25,68639.0,473.98
2018-01-01,684.6,706.0,681.55,694.0,695.4,178978.0,1247.24
2017-12-29,680.0,697.05,673.2,683.4,685.25,232694.0,1600.32
2017-12-28,685.7,692.7,666.2,676.7,681.05,276953.0,1882.47
2017-12-27,678.0,691.9,678.0,687.5,685.7,253616.0,1739.83
2017-12-26,690.0,692.95,675.2,680.0,679.3,315020.0,2150.8
2017-12-22,685.0,693.0,682.2,685.0,685.6,198819.0,1370.27
2017-12-21,676.0,694.6,670.0,688.15,690.9,197487.0,1353.16
2017-12-20,670.0,687.9,670.0,675.05,677.45,384123.0,2617.85
2017-12-19,658.0,681.3,656.0,670.0,670.6,164416.0,1100.79
2017-12-18,654.0,666.15,635.0,657.7,656.5,176872.0,1161.4
2017-12-15,650.0,655.0,642.3,654.0,651.7,127997.0,830.39
2017-12-14,641.0,648.7,638.3,642.05,645.3,205232.0,1320.76
2017-12-13,640.1,648.9,631.85,639.35,640.25,104857.0,671.82
2017-12-12,649.7,652.0,633.75,640.85,638.95,153110.0,988.86
2017-12-11,635.3,651.0,632.45,645.5,645.3,468324.0,3018.6
2017-12-08,623.25,633.6,619.8,630.0,629.95,121596.0,762.88
2017-12-07,606.2,622.0,606.2,621.85,619.3,82181.0,508.42
2017-12-06,609.9,615.15,605.0,611.0,610.4,69512.0,424.25
2017-12-05,615.0,616.7,599.8,611.5,611.35,278690.0,1697.93
2017-12-04,613.0,617.85,602.0,611.0,610.85,98312.0,598.28
2017-12-01,628.0,634.3,609.0,613.35,611.5,70786.0,439.68
2017-11-30,630.0,634.3,622.55,627.0,628.0,271756.0,1707.06
2017-11-29,637.9,642.4,629.95,631.0,631.3,539504.0,3414.83
2017-11-28,630.0,643.0,622.0,632.6,632.95,871420.0,5510.67
2017-11-27,629.0,630.8,618.15,624.5,622.25,205641.0,1283.96
2017-11-24,624.9,632.0,623.0,628.9,629.75,318846.0,2001.24
2017-11-23,620.0,630.7,616.0,622.0,621.9,494070.0,3073.73
2017-11-22,618.15,624.05,613.0,618.0,617.65,169554.0,1048.12
2017-11-21,628.0,632.7,616.6,617.2,618.15,211609.0,1317.22
2017-11-20,625.95,631.8,615.0,624.0,626.35,232825.0,1451.23
2017-11-17,631.25,640.4,610.0,620.0,621.35,263205.0,1649.59
2017-11-16,625.0,628.75,613.2,628.0,620.55,225874.0,1402.26
2017-11-15,568.0,635.0,568.0,615.0,614.25,717694.0,4451.74
2017-11-14,610.0,676.0,607.4,630.4,630.95,3023128.0,19334.91
2017-11-13,586.7,605.25,572.0,592.0,592.3,153637.0,906.56
2017-11-10,573.0,591.9,562.15,585.55,586.7,170228.0,991.76
2017-11-09,582.0,582.0,549.6,573.0,568.05,342821.0,1930.82
2017-11-08,590.0,590.0,569.0,573.35,574.1,186774.0,1082.1
2017-11-07,618.95,618.95,582.7,592.0,590.4,271769.0,1631.26
2017-11-06,610.0,619.0,607.45,614.4,613.75,151556.0,928.6
2017-11-03,618.0,620.5,608.55,613.0,613.45,128998.0,792.26
2017-11-02,621.95,621.95,606.0,611.0,613.45,113887.0,701.7
2017-11-01,620.1,625.0,611.7,617.3,616.95,230883.0,1422.63
2017-10-31,613.0,622.3,605.2,620.1,619.05,537033.0,3305.64
2017-10-30,602.5,629.9,600.0,612.55,613.0,279892.0,1725.78
2017-10-27,626.35,626.35,597.15,598.5,600.35,181871.0,1107.16
2017-10-26,617.0,630.15,612.5,616.0,618.0,389208.0,2421.61
2017-10-25,648.0,654.0,608.2,615.0,616.25,299068.0,1869.8
2017-10-24,652.05,656.55,643.8,647.9,648.85,428915.0,2787.27
2017-10-23,645.55,657.95,642.85,652.35,655.0,429224.0,2788.89
2017-10-19,653.85,658.0,642.05,646.05,647.3,14469.0,94.15
2017-10-18,639.0,659.0,639.0,650.0,653.85,534497.0,3478.67
2017-10-17,639.0,654.75,637.05,647.0,645.35,429855.0,2772.56
2017-10-16,635.2,644.75,632.5,637.4,638.4,83922.0,535.09
2017-10-13,646.9,647.0,634.1,636.7,637.25,95232.0,607.66
2017-10-12,635.0,645.8,632.05,644.0,642.8,95364.0,608.83
2017-10-11,660.0,665.1,630.1,632.1,634.85,172334.0,1114.12
2017-10-10,651.7,662.0,641.0,662.0,658.5,275728.0,1809.64
2017-10-09,637.0,655.45,628.55,646.75,644.85,168344.0,1087.86
2017-10-06,642.5,650.0,631.8,637.0,637.2,127130.0,814.11
2017-10-05,640.0,654.8,640.0,641.85,642.25,127047.0,823.44
2017-10-04,647.0,650.0,635.75,646.0,644.05,92134.0,593.88
2017-10-03,646.0,646.0,628.85,640.0,639.85,218217.0,1394.36
2017-09-29,615.5,644.9,612.65,630.0,628.95,230880.0,1460.92
2017-09-28,608.95,619.5,595.1,616.0,615.5,333732.0,2040.31
2017-09-27,610.0,614.9,598.0,599.1,600.15,212203.0,1288.74
2017-09-26,618.95,620.0,591.0,605.25,604.4,220266.0,1330.85
2017-09-25,618.9,627.05,558.35,612.25,612.55,446767.0,2665.83
2017-09-22,640.7,640.7,614.2,616.75,618.2,177074.0,1110.59
2017-09-21,650.0,650.55,639.65,641.0,643.35,214619.0,1381.07
2017-09-20,652.55,656.0,645.35,646.15,647.55,154483.0,1002.36
2017-09-19,650.0,653.7,639.05,650.0,647.65,357911.0,2313.17
2017-09-18,671.0,671.0,644.2,648.6,648.3,252760.0,1658.91
2017-09-15,667.0,668.45,653.6,661.9,660.45,184919.0,1222.16
2017-09-14,667.8,676.25,662.5,668.9,668.8,132021.0,884.27
2017-09-13,676.6,683.0,657.0,662.1,661.7,237879.0,1604.82
2017-09-12,674.0,678.2,671.0,675.3,675.25,114909.0,775.57
2017-09-11,668.0,682.65,666.25,672.95,670.05,231970.0,1568.79
2017-09-08,687.3,693.0,662.0,662.5,666.1,617193.0,4208.61
2017-09-07,665.0,694.0,663.55,680.0,680.35,634929.0,4317.04
2017-09-06,644.0,666.0,640.05,660.4,659.85,561861.0,3695.0
2017-09-05,649.2,653.0,642.0,650.0,649.3,73906.0,478.78
2017-09-04,648.0,656.1,635.0,645.0,649.2,143211.0,923.47
2017-09-01,649.95,656.2,643.15,647.0,645.5,112148.0,729.27
2017-08-31,654.7,658.35,645.1,649.1,649.7,143445.0,931.83
2017-08-30,644.9,652.5,640.05,648.25,649.6,182753.0,1186.66
2017-08-29,655.0,655.35,637.0,638.8,639.05,65476.0,421.32
2017-08-28,648.0,661.75,648.0,655.0,654.65,195388.0,1281.05
2017-08-24,654.0,656.8,643.05,650.0,649.1,78348.0,509.27
2017-08-23,633.0,653.0,633.0,650.0,649.5,109585.0,708.4
2017-08-22,645.1,658.0,627.0,632.25,631.55,165660.0,1051.36
2017-08-21,663.0,673.2,636.4,641.95,643.25,135313.0,877.16
2017-08-18,675.0,679.0,657.9,663.0,662.65,99769.0,665.16
2017-08-17,695.9,696.0,680.0,682.0,681.9,160865.0,1102.9
2017-08-16,668.1,700.65,668.1,693.0,697.05,297312.0,2051.87
2017-08-14,649.5,671.0,638.95,666.15,667.95,140254.0,924.72
2017-08-11,633.05,645.0,617.35,635.7,634.7,290254.0,1836.36
2017-08-10,670.0,686.5,633.9,643.1,640.9,193783.0,1273.38
2017-08-09,685.5,697.45,667.0,667.2,674.9,196194.0,1337.63
2017-08-08,704.0,710.0,685.0,689.0,691.25,294881.0,2063.85
2017-08-07,721.0,728.85,695.5,704.0,700.45,1322353.0,9358.28
2017-08-04,739.9,773.0,736.0,771.0,767.35,198528.0,1507.05
2017-08-03,755.15,764.95,730.0,735.0,734.4,86440.0,644.95
2017-08-02,762.0,766.65,751.65,761.0,760.25,105642.0,804.11
2017-08-01,741.05,769.4,741.0,761.5,759.75,145842.0,1106.63
2017-07-31,758.0,765.8,732.6,745.0,741.45,134441.0,1002.51
2017-07-28,769.55,780.0,744.1,756.0,756.15,230390.0,1755.8
2017-07-27,784.85,785.9,765.9,770.0,769.55,135658.0,1048.99
2017-07-26,786.1,793.15,779.0,781.0,781.7,52140.0,409.8
2017-07-25,783.7,793.0,780.0,786.9,784.55,111113.0,872.34
2017-07-24,800.95,804.05,776.9,783.7,780.65,162818.0,1283.76
2017-07-21,818.0,818.0,800.0,800.0,800.95,73271.0,590.83
2017-07-20,820.5,832.85,801.0,815.5,814.2,183267.0,1496.32
2017-07-19,798.7,815.95,798.7,812.0,813.15,142483.0,1155.1
2017-07-18,784.0,802.0,777.3,799.0,798.65,126470.0,1002.87
2017-07-17,793.0,800.0,780.0,781.2,781.65,87315.0,687.86
2017-07-14,802.3,803.5,789.0,794.0,793.4,63320.0,502.83
2017-07-13,798.0,809.0,794.0,797.0,797.4,143654.0,1149.87
2017-07-12,787.3,803.0,775.7,790.95,793.1,244615.0,1937.48
2017-07-11,805.0,809.7,780.0,780.0,787.3,300521.0,2397.86
2017-07-10,812.0,833.15,800.15,803.0,802.85,24531.0,197.26
2017-07-07,812.0,813.8,805.0,807.15,807.5,69237.0,560.37
2017-07-06,814.95,825.0,805.0,810.0,808.0,264299.0,2161.15
2017-07-05,807.9,818.2,804.5,811.1,811.1,120653.0,980.47
2017-07-04,806.0,819.0,800.0,803.25,802.05,126593.0,1020.86
2017-07-03,824.95,836.75,804.0,807.0,807.8,280605.0,2306.39
2017-06-30,811.8,837.75,782.1,831.1,824.95,433954.0,3513.93
2017-06-29,811.0,821.0,803.0,812.0,812.0,147922.0,1200.82
2017-06-28,836.95,836.95,798.95,808.6,810.3,225570.0,1831.06
2017-06-27,852.0,852.0,823.0,830.0,827.85,133845.0,1117.58
2017-06-23,865.1,872.75,815.1,845.0,842.95,220849.0,1846.05
2017-06-22,890.6,892.85,851.0,862.4,870.05,64812.0,569.13
2017-06-21,885.5,892.0,875.0,886.0,882.8,59651.0,526.78
2017-06-20,892.95,903.0,878.0,885.5,885.2,104955.0,931.17
2017-06-19,895.0,912.1,885.15,885.15,893.1,79324.0,712.36
2017-06-16,908.5,914.9,883.0,893.0,892.65,124457.0,1119.88
2017-06-15,885.9,919.0,882.0,899.75,901.4,461551.0,4191.3
2017-06-14,902.45,914.0,872.2,886.0,878.5,313864.0,2805.03
2017-06-13,850.25,924.0,850.0,904.9,902.15,1344869.0,12170.16
2017-06-12,805.0,859.0,798.3,851.0,846.6,390697.0,3272.06
2017-06-09,780.35,819.5,780.35,804.0,804.4,230784.0,1861.08
2017-06-08,787.0,789.0,772.2,784.0,780.35,66405.0,516.58
2017-06-07,780.0,793.0,773.7,784.0,785.95,41335.0,323.09
2017-06-06,782.15,787.9,774.0,776.0,779.6,23181.0,180.92
2017-06-05,794.9,796.0,775.35,778.5,779.35,42566.0,334.01
2017-06-02,793.0,796.95,781.0,793.0,789.8,55004.0,433.35
2017-06-01,766.0,798.0,766.0,781.4,785.3,45111.0,354.97
2017-05-31,763.9,785.0,763.0,783.95,781.35,58998.0,459.42
2017-05-30,759.95,773.0,743.15,764.0,763.85,39011.0,297.84
2017-05-29,784.4,785.0,752.95,757.0,760.15,34023.0,260.78
2017-05-26,751.95,795.0,713.4,779.8,778.45,189406.0,1472.86
2017-05-25,750.0,752.4,731.05,749.0,749.25,31562.0,234.31
2017-05-24,739.0,757.9,733.15,744.35,745.65,41206.0,307.04
2017-05-23,757.0,757.0,711.05,740.0,734.2,67064.0,486.99
2017-05-22,745.35,757.9,745.0,748.05,749.7,29095.0,218.43
2017-05-19,759.15,764.0,745.0,745.0,749.95,45624.0,342.12
2017-05-18,764.0,764.0,746.25,754.75,753.75,49897.0,376.03
2017-05-17,769.0,770.95,760.2,761.0,765.9,36125.0,276.93
2017-05-16,758.05,770.0,751.2,763.0,765.8,57558.0,438.69
2017-05-15,750.05,756.8,745.5,751.45,754.3,32320.0,243.03
2017-05-12,759.0,759.0,745.15,752.0,752.6,55506.0,417.61
2017-05-11,754.45,759.4,748.2,758.4,754.5,88268.0,664.86
2017-05-10,752.95,768.95,743.35,760.0,758.95,129320.0,982.14
2017-05-09,754.9,759.9,745.1,748.1,747.65,58011.0,436.97
2017-05-08,741.35,755.0,740.5,755.0,748.95,65994.0,493.94
2017-05-05,748.0,748.05,734.0,742.0,741.95,237022.0,1754.14
2017-05-04,761.0,762.9,737.4,749.5,747.55,102746.0,769.43
2017-05-03,771.85,773.0,753.95,758.0,756.8,73688.0,562.38
2017-05-02,771.5,784.85,763.0,765.0,771.25,353907.0,2725.3
2017-04-28,760.8,773.5,751.4,770.0,768.65,72664.0,556.99
2017-04-27,771.15,771.75,749.0,754.25,751.85,69139.0,523.39
2017-04-26,773.0,790.0,764.95,765.05,769.0,122885.0,954.63
2017-04-25,768.65,784.0,763.65,771.0,769.9,87709.0,680.04
2017-04-24,772.8,777.3,761.05,761.2,763.95,39148.0,300.83
2017-04-21,766.0,774.9,763.4,769.5,770.45,80779.0,621.17
2017-04-20,775.9,786.9,755.5,761.0,758.4,125782.0,968.4
2017-04-19,770.0,779.85,757.0,778.0,776.6,131750.0,1017.02
2017-04-18,750.0,780.0,746.25,756.0,754.65,253265.0,1953.62
2017-04-17,750.55,752.95,735.05,747.0,744.7,107902.0,801.72
2017-04-13,740.0,765.1,740.0,749.8,750.55,270661.0,2041.07
2017-04-12,701.0,750.0,686.0,735.25,737.85,473584.0,3437.26
2017-04-11,695.0,704.0,686.0,699.0,698.45,132891.0,924.13
2017-04-10,701.6,701.6,673.65,687.0,688.25,153833.0,1051.03
2017-04-07,714.7,715.7,681.25,696.1,694.25,90076.0,633.73
2017-04-06,713.25,724.4,707.2,714.05,715.45,118787.0,847.11
2017-04-05,723.9,739.9,715.1,718.0,719.75,143757.0,1043.1
2017-04-03,693.15,729.25,693.15,721.0,721.75,228800.0,1639.18
2017-03-31,693.7,711.4,691.5,695.05,701.7,271187.0,1902.2
2017-03-30,673.0,695.7,668.0,694.3,693.7,118844.0,814.72
2017-03-29,676.0,679.75,660.05,672.5,671.1,176780.0,1177.62
2017-03-28,665.05,675.0,665.05,668.0,669.3,79919.0,536.65
2017-03-27,672.6,679.15,659.7,664.6,665.0,337126.0,2253.74
2017-03-24,681.6,694.85,675.75,680.0,678.85,136981.0,941.92
2017-03-23,660.0,684.9,658.3,683.0,680.6,275556.0,1845.66
2017-03-22,670.0,674.35,650.0,657.4,659.3,212473.0,1400.37
2017-03-21,676.6,697.7,666.0,675.0,674.2,130038.0,887.01
2017-03-20,708.0,712.95,671.45,673.85,674.75,140368.0,960.81
2017-03-17,699.75,728.75,699.75,704.15,707.95,238109.0,1693.71
2017-03-16,686.0,707.6,683.0,699.0,698.95,324873.0,2272.46
2017-03-15,639.0,696.5,639.0,681.0,686.95,804887.0,5475.01
2017-03-14,630.0,644.0,627.05,634.85,633.9,132251.0,837.35
2017-03-10,626.0,637.7,602.2,617.4,619.2,190222.0,1183.99
2017-03-09,627.55,639.0,621.3,623.0,625.8,120508.0,759.31
2017-03-08,632.35,636.6,617.5,618.15,621.3,61738.0,386.42
2017-03-07,645.3,649.75,629.5,633.7,634.75,61068.0,390.18
2017-03-06,645.0,653.9,641.3,642.15,645.15,46878.0,303.48
2017-03-03,649.8,655.0,642.25,643.0,644.05,45481.0,294.44
2017-03-02,654.95,657.15,647.45,651.0,650.75,69744.0,454.26
2017-03-01,660.0,671.85,650.0,650.0,653.8,62587.0,411.37
2017-02-28,663.0,666.15,655.0,659.95,658.5,38549.0,254.89
2017-02-27,661.0,677.0,650.5,660.0,661.6,272645.0,1824.34
2017-02-23,686.9,700.0,650.2,667.0,664.95,206739.0,1423.74
2017-02-22,671.85,684.0,666.7,680.0,680.1,80008.0,541.14
2017-02-21,679.0,688.85,662.15,671.45,670.0,70802.0,481.16
2017-02-20,660.8,680.0,650.45,675.95,674.9,212287.0,1425.97
2017-02-17,638.95,666.0,631.5,662.0,660.75,147362.0,964.82
2017-02-16,641.0,647.0,627.1,632.0,633.35,115487.0,735.58
2017-02-15,670.0,670.0,640.0,640.0,641.55,126482.0,822.65
2017-02-14,710.0,718.8,664.15,665.0,670.35,366202.0,2481.89
2017-02-13,732.9,736.8,717.0,733.0,732.4,37454.0,272.5
2017-02-10,734.75,734.75,720.45,727.0,725.7,24407.0,177.31
2017-02-09,745.05,754.0,726.6,727.05,729.05,50461.0,371.14
2017-02-08,734.55,750.0,722.7,743.05,744.6,87223.0,640.87
2017-02-07,767.35,768.75,739.0,743.7,744.2,346237.0,2592.85
2017-02-06,765.55,782.05,750.0,757.0,760.45,84760.0,648.16
2017-02-03,737.8,772.0,729.05,770.0,765.55,188147.0,1415.77
2017-02-02,680.0,748.6,679.9,735.0,734.05,301502.0,2163.46
2017-02-01,662.0,687.9,660.05,670.0,672.1,267258.0,1800.52
2017-01-31,664.65,668.0,657.0,657.0,660.35,45912.0,303.38
2017-01-30,666.9,666.9,652.0,660.0,662.55,48391.0,319.95
2017-01-27,647.0,667.0,646.05,660.55,661.1,68973.0,451.95
2017-01-25,634.5,665.0,634.5,646.0,645.45,241231.0,1551.69
2017-01-24,635.1,639.95,631.6,633.1,634.5,12160.0,77.24
2017-01-23,644.9,644.9,630.05,636.0,635.0,43781.0,278.17
2017-01-20,637.3,640.0,628.5,629.0,632.1,36810.0,233.95
2017-01-19,640.1,649.5,635.0,641.0,637.75,233879.0,1488.22
2017-01-18,660.1,668.5,634.0,640.0,636.45,91972.0,590.38
2017-01-17,669.9,673.0,659.0,660.0,663.3,101801.0,677.56
2017-01-16,645.1,669.0,643.05,660.5,660.55,60835.0,400.23
2017-01-13,642.0,660.0,630.0,650.0,648.1,76552.0,495.16
2017-01-12,643.0,650.0,633.05,642.0,641.0,80212.0,514.52
2017-01-11,609.9,644.5,608.85,641.5,640.15,125234.0,792.72
2017-01-10,595.45,609.0,593.0,608.0,607.5,23932.0,144.62
2017-01-09,602.25,608.0,591.8,600.1,600.0,60735.0,364.78
2017-01-06,596.0,606.85,596.0,602.0,602.25,83959.0,506.18
2017-01-05,577.0,602.0,576.55,594.0,595.0,419224.0,2465.76
2017-01-04,569.0,579.3,566.35,577.0,576.95,54128.0,311.03
2017-01-03,567.05,574.9,550.3,569.95,567.3,62426.0,352.87
2017-01-02,570.0,589.7,561.05,566.0,564.9,109412.0,626.38
2016-12-30,552.75,568.4,552.75,559.0,559.25,132464.0,743.05
2016-12-29,530.4,566.7,530.2,554.0,552.75,203234.0,1126.47
2016-12-28,522.95,545.0,518.0,530.0,530.4,89793.0,479.91
2016-12-27,512.25,520.0,510.05,516.6,516.9,491823.0,2526.31
2016-12-26,522.8,522.85,508.0,515.0,511.95,250508.0,1296.67
2016-12-23,529.95,529.95,515.2,524.0,522.8,162993.0,853.69
2016-12-22,527.0,532.0,512.0,521.65,521.9,192447.0,1001.12
2016-12-21,519.35,538.0,510.0,523.5,529.15,287866.0,1514.13
2016-12-20,520.45,526.7,499.5,512.0,512.3,150430.0,763.89
2016-12-19,529.2,539.65,520.0,522.95,521.05,234543.0,1240.49
2016-12-16,540.95,543.4,524.05,525.2,525.95,42860.0,227.7
2016-12-15,530.2,555.0,528.0,538.0,534.95,131716.0,713.07
2016-12-14,535.0,542.05,531.0,537.95,537.15,26250.0,141.27
2016-12-13,545.0,545.0,526.1,539.9,538.45,45304.0,242.3
2016-12-12,562.1,567.5,537.2,539.0,539.65,65251.0,358.55
2016-12-09,565.05,574.0,558.0,559.0,561.1,94206.0,531.95
2016-12-08,565.1,581.05,558.25,561.6,561.6,63318.0,358.78
2016-12-07,572.9,604.0,558.05,562.0,560.9,93476.0,539.93
2016-12-06,581.7,585.0,559.05,562.0,561.45,98399.0,557.83
2016-12-05,591.6,592.75,570.0,575.0,573.2,26876.0,155.56
2016-12-02,590.0,604.4,582.0,588.3,589.7,159380.0,943.64
2016-12-01,612.2,616.0,584.8,586.0,588.3,47036.0,281.27
2016-11-30,603.7,616.85,590.0,605.0,600.15,182454.0,1099.86
2016-11-29,582.3,629.3,576.75,598.0,600.05,201910.0,1231.96
2016-11-28,572.0,594.8,562.0,582.1,583.2,114813.0,673.33
2016-11-25,581.9,582.0,557.9,570.0,571.05,130527.0,745.02
2016-11-24,575.8,579.0,565.55,574.0,570.15,63150.0,360.16
2016-11-23,579.8,593.0,561.25,583.0,583.05,130462.0,752.84
2016-11-22,576.25,580.95,563.5,570.0,569.15,234524.0,1333.61
2016-11-21,569.95,579.95,511.0,575.0,572.95,108986.0,603.52
2016-11-18,563.05,570.15,548.6,554.95,552.0,72758.0,408.7
2016-11-17,565.0,569.3,545.85,560.0,563.05,89443.0,498.32
2016-11-16,548.5,580.4,536.1,552.65,555.85,691867.0,3805.07
2016-11-15,600.0,603.25,487.3,542.0,532.45,237178.0,1294.17
2016-11-11,641.75,641.75,587.0,597.5,594.25,279037.0,1661.44
2016-11-10,672.6,680.05,613.95,644.7,642.05,496050.0,3280.77
2016-11-09,663.0,678.35,589.95,669.0,665.5,457211.0,2987.15
2016-11-08,711.1,726.0,711.1,717.0,721.35,36592.0,263.94
2016-11-07,713.0,716.0,701.15,711.0,711.8,83398.0,590.86
2016-11-04,739.85,739.85,715.0,718.45,719.05,30666.0,220.95
2016-11-03,750.15,758.4,720.2,723.75,731.45,192022.0,1446.39
2016-11-02,764.0,764.0,745.65,751.0,752.65,18805.0,142.25
2016-11-01,758.0,771.0,752.35,765.2,768.8,33176.0,254.3
2016-10-30,755.5,771.95,750.0,755.0,757.3,8193.0,62.3
2016-10-28,755.05,761.15,751.1,752.0,754.75,74739.0,565.36
2016-10-27,762.25,767.45,752.85,759.3,759.55,73114.0,555.52
2016-10-26,772.0,772.0,759.9,761.0,766.05,162983.0,1246.53
2016-10-25,782.0,782.0,768.0,768.5,772.45,69823.0,541.12
2016-10-24,791.1,797.0,761.0,783.0,781.85,26116.0,204.58
2016-10-21,781.9,797.95,776.0,790.0,790.25,44103.0,347.7
2016-10-20,782.7,788.0,772.1,778.0,781.55,25199.0,196.95
2016-10-19,780.0,795.05,772.05,781.0,780.5,96053.0,752.09
2016-10-18,747.0,790.0,742.0,782.5,778.5,168378.0,1286.68
2016-10-17,753.2,758.0,736.0,739.1,742.55,163424.0,1222.85
2016-10-14,752.0,759.9,743.0,749.0,747.4,136945.0,1025.06
2016-10-13,777.0,779.15,743.9,744.5,752.2,570137.0,4365.83
2016-10-10,785.3,799.0,760.5,773.9,782.45,1918722.0,14907.93
2016-10-07,823.95,829.9,811.0,815.0,819.75,12244.0,100.51
2016-10-06,846.0,846.0,820.1,827.0,823.9,22603.0,187.01
2016-10-05,852.0,863.0,830.05,832.0,834.3,20683.0,173.25
2016-10-04,823.15,854.6,823.05,849.4,848.95,55318.0,468.66
2016-10-03,830.0,843.95,818.0,828.0,829.65,92335.0,763.26
2016-09-30,820.0,831.0,785.1,830.0,817.4,54814.0,441.11
2016-09-29,826.8,832.0,761.0,817.0,816.0,60569.0,489.03
2016-09-28,820.0,824.0,815.2,819.5,818.55,15270.0,125.17
2016-09-27,822.8,834.0,815.0,817.95,817.2,20584.0,169.43
2016-09-26,837.5,847.0,819.5,820.05,821.65,12539.0,103.91
2016-09-23,859.0,870.0,829.75,832.0,837.55,28538.0,240.81
2016-09-22,849.9,868.8,840.3,862.5,863.35,21174.0,181.27
2016-09-21,842.65,856.95,820.4,831.0,832.3,13466.0,112.58
2016-09-20,869.85,873.0,832.0,840.0,839.2,23772.0,201.84
2016-09-19,883.4,887.9,850.05,867.5,867.75,13008.0,112.17
2016-09-16,836.55,888.0,830.0,881.8,874.6,36150.0,312.49
2016-09-15,844.9,844.9,818.95,833.0,834.3,9954.0,82.55
2016-09-14,828.0,837.7,812.45,825.5,829.9,15608.0,128.83
2016-09-12,818.2,841.95,807.95,807.95,812.45,47494.0,393.17
2016-09-09,861.05,870.0,841.2,842.0,847.85,13395.0,114.92
2016-09-08,871.0,874.1,861.0,867.0,867.35,11818.0,102.4
2016-09-07,863.25,881.0,848.35,870.0,874.55,25790.0,223.53
2016-09-06,866.8,894.0,854.0,862.0,863.65,28504.0,247.64
2016-09-02,861.45,869.0,846.7,852.75,854.0,14631.0,125.54
2016-09-01,859.0,869.9,842.5,860.0,860.25,30874.0,264.55
2016-08-31,821.0,860.0,821.0,853.0,855.25,51457.0,436.36
2016-08-30,831.9,842.0,820.5,826.0,826.3,27329.0,226.42
2016-08-29,822.0,834.5,811.0,822.65,830.65,16366.0,135.17
2016-08-26,805.1,818.9,805.1,817.0,816.15,20674.0,167.84
2016-08-25,823.0,823.25,805.0,816.0,813.25,28709.0,233.48
2016-08-24,834.95,834.95,815.0,821.5,819.8,25083.0,206.69
2016-08-23,839.0,839.0,816.0,818.1,823.05,14296.0,117.84
2016-08-22,836.8,840.0,824.65,830.0,828.45,13716.0,113.92
2016-08-19,837.9,837.9,819.5,829.0,833.35,45042.0,373.53
2016-08-18,836.4,837.9,821.2,823.4,826.8,21457.0,177.93
2016-08-17,830.0,837.45,818.55,825.0,827.2,188019.0,1551.84
2016-08-16,826.1,829.0,812.65,827.0,824.1,14328.0,118.22
2016-08-12,821.0,834.9,813.6,828.0,825.3,24043.0,198.79
2016-08-11,824.0,834.85,814.55,823.0,827.25,16217.0,133.87
2016-08-10,832.05,836.9,819.05,823.95,823.7,85413.0,708.44
2016-08-09,817.0,834.05,813.55,824.4,828.9,45188.0,372.15
2016-08-08,828.2,845.1,801.1,818.0,819.45,59553.0,487.58
2016-08-05,827.05,849.0,816.55,828.25,828.2,36650.0,302.8
2016-08-04,850.0,850.0,803.0,824.0,819.35,34025.0,282.91
2016-08-03,857.0,863.45,835.0,835.0,840.0,31042.0,261.26
2016-08-02,854.65,864.75,843.1,858.0,860.7,62748.0,537.39
2016-08-01,849.0,860.0,827.5,853.0,852.05,36272.0,306.53
2016-07-29,837.9,899.95,830.1,849.2,845.55,37360.0,314.25
2016-07-28,826.7,840.0,815.55,826.05,830.25,19802.0,164.55
2016-07-27,836.1,840.0,822.0,832.0,828.45,21463.0,178.25
2016-07-26,835.0,845.1,822.2,822.3,830.2,14418.0,120.73
2016-07-25,855.0,855.0,825.0,825.0,828.6,36493.0,304.96
2016-07-22,838.8,872.0,825.0,860.0,853.2,82635.0,705.19
2016-07-21,810.95,837.8,800.1,833.0,832.15,90370.0,743.95
2016-07-20,802.0,817.3,783.4,808.5,807.3,154453.0,1226.65
2016-07-19,766.15,803.7,759.15,801.0,795.7,93328.0,734.75
2016-07-18,779.75,783.0,760.0,760.5,762.3,44985.0,345.91
2016-07-15,768.4,778.7,753.65,771.0,773.8,30139.0,231.46
2016-07-14,752.8,766.6,745.25,758.4,760.75,25891.0,195.56
2016-07-13,751.55,764.9,749.95,756.0,756.0,322919.0,2441.23
2016-07-12,771.7,775.0,747.2,749.0,751.55,79701.0,603.02
2016-07-11,775.9,788.0,766.4,770.0,769.35,60959.0,474.08
2016-07-08,770.05,770.55,751.0,758.0,760.75,47550.0,360.81
2016-07-07,773.65,782.0,760.0,765.0,765.7,47135.0,362.35
2016-07-05,770.8,781.5,762.1,764.95,765.9,18448.0,141.94
2016-07-04,771.0,787.0,759.95,780.0,778.2,34547.0,267.11
2016-07-01,774.2,779.4,762.7,770.0,770.45,35670.0,274.29
2016-06-30,768.9,781.9,762.0,766.1,773.9,58419.0,451.39
2016-06-29,774.95,775.0,752.5,763.0,760.05,60826.0,462.98
2016-06-28,776.25,788.0,765.0,766.0,768.35,37498.0,290.93
2016-06-27,777.0,801.8,775.15,776.0,778.8,125688.0,991.5
2016-06-24,736.4,782.9,706.0,776.0,777.8,101123.0,757.05
2016-06-23,751.0,778.0,749.95,773.5,769.25,41113.0,315.19
2016-06-22,762.0,781.0,750.0,753.6,756.85,31248.0,237.42
2016-06-21,745.0,764.0,737.8,762.0,760.15,116630.0,878.53
2016-06-20,722.25,749.9,722.25,749.65,739.65,28708.0,212.84
2016-06-17,750.0,750.0,721.0,735.0,735.05,52878.0,388.24
2016-06-16,745.0,757.0,735.0,740.0,737.3,43464.0,323.16
2016-06-15,720.45,737.65,718.0,734.0,734.25,33333.0,243.26
2016-06-14,744.0,747.5,712.5,725.0,726.5,71093.0,517.26
2016-06-13,731.6,755.5,731.5,745.0,744.25,50618.0,376.37
2016-06-10,750.25,774.9,736.3,739.5,739.5,79202.0,601.55
2016-06-09,770.0,774.0,747.0,755.5,753.9,48725.0,369.96
2016-06-08,734.0,793.7,734.0,774.0,774.05,304948.0,2358.6
2016-06-07,705.1,739.5,702.1,734.5,733.7,126948.0,927.45
2016-06-06,684.7,724.0,671.0,701.9,710.7,133384.0,931.75
2016-06-03,675.0,685.0,669.0,669.0,674.0,46006.0,310.86
2016-06-02,687.0,687.0,666.4,669.0,671.25,16536.0,111.06
2016-06-01,663.0,680.0,663.0,677.0,675.4,15799.0,106.75
2016-05-31,680.0,680.0,664.45,673.0,673.15,35065.0,236.04
2016-05-30,670.0,689.0,670.0,675.0,675.65,61253.0,416.77
2016-05-27,682.25,684.25,670.0,677.1,679.2,26757.0,181.56
2016-05-26,664.4,687.0,663.0,680.0,680.5,150206.0,1009.27
2016-05-25,670.0,680.0,657.35,670.0,667.2,28756.0,192.96
2016-05-24,674.0,679.9,666.05,670.0,675.7,54213.0,365.0
2016-05-23,669.65,678.0,656.05,670.0,670.65,27360.0,183.43
2016-05-20,660.0,666.25,647.5,656.15,664.85,57833.0,380.34
2016-05-19,688.8,692.75,660.0,670.0,668.85,59059.0,398.7
2016-05-18,672.5,686.5,665.0,680.9,683.5,152746.0,1041.99
2016-05-17,671.0,677.95,660.0,670.5,674.3,60063.0,402.96
2016-05-16,673.75,674.0,650.25,671.0,671.1,47074.0,312.56
2016-05-13,644.05,674.7,637.05,673.75,662.45,91211.0,597.01
2016-05-12,632.0,654.0,632.0,647.95,648.4,91685.0,588.21
2016-05-11,630.0,639.0,620.0,635.0,635.0,129372.0,814.51
2016-05-10,634.95,638.4,611.15,630.0,630.0,57014.0,356.04
2016-05-09,615.3,633.95,609.5,631.2,631.35,70555.0,440.18
2016-05-06,618.85,618.9,605.2,614.7,610.55,25840.0,158.2
2016-05-05,612.9,625.0,595.0,615.0,621.3,167117.0,1021.36
2016-05-04,633.0,633.0,605.0,610.15,612.9,80537.0,493.46
2016-05-03,620.0,631.0,620.0,625.0,623.5,41092.0,258.04
2016-05-02,631.0,637.95,612.0,621.0,620.75,123586.0,776.67
2016-04-29,637.1,645.5,630.15,637.9,638.95,36593.0,233.12
2016-04-28,669.0,669.0,632.25,639.0,636.15,171789.0,1114.88
2016-04-27,663.35,667.95,648.8,652.0,651.5,16777.0,109.89
2016-04-26,669.0,669.0,643.65,662.05,665.05,16033.0,105.67
2016-04-25,650.05,670.0,646.0,651.3,654.6,38851.0,253.73
2016-04-22,655.0,664.25,647.0,662.2,662.95,17335.0,113.76
2016-04-21,656.65,674.0,648.0,654.9,655.1,35838.0,236.73
2016-04-20,667.1,674.6,646.5,665.0,664.7,28010.0,186.39
2016-04-18,655.55,669.0,622.9,667.0,667.1,45421.0,301.27
2016-04-13,643.15,665.0,643.1,659.0,655.7,53782.0,352.15
2016-04-12,635.05,646.2,633.0,640.1,640.1,39646.0,253.93
2016-04-11,626.9,637.5,623.0,634.85,634.7,26674.0,168.64
2016-04-08,625.0,630.0,616.75,625.0,626.75,17386.0,108.48
2016-04-07,632.5,632.5,612.0,626.05,625.85,14873.0,92.76
2016-04-06,628.75,634.0,614.4,633.5,632.45,22254.0,139.38
2016-04-05,606.05,631.5,602.6,625.1,624.45,142243.0,880.95
2016-04-04,585.0,615.05,583.0,610.55,611.75,350848.0,2088.62
2016-04-01,578.0,585.0,576.0,585.0,580.9,66731.0,387.32
2016-03-31,561.15,580.0,552.5,578.7,579.15,1063077.0,6013.81
2016-03-30,573.05,579.8,564.0,568.6,569.4,137154.0,779.54
2016-03-29,587.95,588.0,570.1,570.8,572.9,52397.0,301.27
2016-03-28,588.55,593.7,577.0,588.0,582.7,121398.0,708.83
2016-03-23,590.5,596.0,581.95,589.0,588.15,34078.0,199.83
2016-03-22,590.0,595.95,584.95,588.15,589.5,17617.0,104.24
2016-03-21,583.0,593.0,580.0,587.0,590.0,139089.0,812.64
2016-03-18,575.1,585.9,564.4,585.0,583.0,67105.0,386.84
2016-03-17,586.2,588.05,574.3,576.85,577.05,74985.0,437.21
2016-03-16,575.05,586.0,570.0,582.6,583.05,152962.0,880.22
2016-03-15,582.1,589.9,571.15,574.9,575.4,26516.0,154.13
2016-03-14,593.0,593.95,581.1,581.5,583.65,39043.0,229.18
2016-03-11,590.0,591.5,583.0,590.0,589.55,60297.0,354.67
2016-03-10,588.5,597.0,585.0,590.0,589.95,40708.0,240.26
2016-03-09,580.0,594.65,580.0,590.1,590.9,12573.0,73.73
2016-03-08,604.85,604.85,580.5,587.5,584.6,36921.0,217.82
2016-03-04,610.0,610.0,572.0,590.0,589.6,45277.0,267.94
2016-03-03,613.0,613.0,596.0,596.05,598.9,29346.0,176.03
2016-03-02,602.5,609.9,592.2,593.05,596.1,32547.0,196.16
2016-03-01,570.1,617.25,570.1,615.0,599.0,69506.0,404.57
2016-02-29,595.0,596.0,551.0,568.0,568.1,142324.0,825.69
2016-02-26,584.65,595.75,570.3,594.0,592.45,24444.0,142.03
2016-02-25,587.0,587.0,565.9,576.0,574.05,11862.0,68.38
2016-02-24,588.0,588.0,576.6,576.6,580.9,7995.0,46.56
2016-02-23,596.35,599.45,579.45,580.15,580.3,82040.0,484.82
2016-02-22,595.0,600.1,575.1,593.9,595.95,21281.0,125.77
2016-02-19,578.0,598.95,578.0,581.05,582.4,28683.0,167.86
2016-02-18,599.9,606.2,585.0,591.25,595.05,19154.0,114.14
2016-02-17,581.55,596.0,576.0,586.35,592.75,25077.0,146.97
2016-02-16,600.0,608.3,570.0,580.0,580.3,40610.0,239.9
2016-02-15,571.0,600.0,571.0,599.0,595.45,34555.0,205.66
2016-02-12,584.0,592.2,555.0,576.0,566.4,59306.0,336.43
2016-02-11,599.2,617.8,571.25,582.0,583.7,54427.0,319.11
2016-02-10,610.0,613.9,600.05,605.15,608.85,25793.0,156.98
2016-02-09,642.0,649.0,606.2,616.0,612.7,110448.0,689.95
2016-02-08,638.0,650.0,628.2,636.35,641.15,35108.0,225.12
2016-02-05,630.0,634.0,617.0,626.6,629.2,33166.0,206.11
2016-02-04,635.8,635.8,617.2,617.2,619.3,22972.0,144.53
2016-02-03,625.25,630.5,615.45,621.55,624.35,44326.0,276.1
2016-02-02,637.0,649.75,626.85,629.05,633.25,177034.0,1140.93
2016-02-01,642.8,646.5,635.0,646.5,641.5,18387.0,117.88
2016-01-29,635.55,646.0,634.9,640.0,643.1,23158.0,148.69
2016-01-28,632.05,644.95,625.3,635.25,639.5,35480.0,225.71
2016-01-27,632.8,645.05,624.0,639.05,638.5,35147.0,224.74
2016-01-25,621.0,634.0,621.0,623.0,626.55,19706.0,123.84
2016-01-22,615.6,629.9,611.25,619.5,620.25,137928.0,860.19
2016-01-21,614.7,624.75,602.0,615.6,620.65,44205.0,269.74
2016-01-20,574.0,609.95,568.0,607.0,597.8,34300.0,200.13
2016-01-19,566.6,585.9,566.6,581.0,579.4,69718.0,404.3
2016-01-18,596.0,613.7,575.15,578.4,578.9,102524.0,607.16
2016-01-15,612.45,620.0,600.0,606.0,606.25,46606.0,284.98
2016-01-14,618.0,619.9,605.1,613.3,613.1,27461.0,168.42
2016-01-13,628.75,628.75,606.6,619.9,620.0,183465.0,1132.42
2016-01-12,641.1,642.05,615.2,628.75,627.25,141726.0,892.5
2016-01-11,646.0,649.0,626.0,646.0,640.2,97046.0,619.7
2016-01-08,664.95,675.0,645.3,651.0,649.35,32895.0,216.46
2016-01-07,655.0,673.0,651.7,665.0,657.4,76292.0,501.26
2016-01-06,665.0,672.25,653.8,660.0,661.2,32443.0,214.67
2016-01-05,675.4,689.85,656.0,662.0,661.65,62793.0,419.55
2016-01-04,703.3,703.3,669.95,683.0,680.4,71560.0,486.69
2016-01-01,682.6,702.9,674.0,700.0,700.55,40824.0,282.68
2015-12-31,673.1,692.95,663.25,687.45,689.6,65172.0,445.49
2015-12-30,673.55,678.0,662.25,667.05,669.75,41354.0,278.49
2015-12-29,664.95,682.0,655.4,676.0,676.1,75751.0,509.23
2015-12-28,657.0,667.9,643.2,667.0,662.15,63293.0,413.57
2015-12-24,655.0,655.9,646.15,651.0,651.45,17160.0,111.79
2015-12-23,650.0,655.85,644.05,650.0,651.3,28161.0,182.91
2015-12-22,643.95,658.9,643.1,650.0,650.4,30373.0,197.6
2015-12-21,632.0,649.0,626.0,648.7,647.3,19600.0,125.62
2015-12-18,647.9,660.0,626.95,636.0,634.8,47992.0,309.57
2015-12-17,642.0,653.0,636.15,650.0,647.9,54022.0,349.43
2015-12-16,641.0,641.4,626.9,635.0,635.25,91197.0,577.94
2015-12-15,625.9,640.0,616.65,629.0,634.95,39084.0,246.56
2015-12-14,616.0,630.0,605.5,615.0,616.65,48485.0,299.8
2015-12-11,640.0,640.0,612.15,616.0,618.15,95785.0,596.7
2015-12-10,640.0,658.7,634.1,639.2,638.35,29059.0,185.94
2015-12-09,646.15,651.0,637.5,639.0,640.2,37022.0,238.49
2015-12-08,645.6,653.95,640.3,649.3,648.45,47080.0,304.29
2015-12-07,669.0,673.4,645.0,648.0,647.6,81211.0,535.41
2015-12-04,678.6,685.0,667.0,672.0,671.4,68319.0,461.16
2015-12-03,690.75,691.0,676.1,682.9,687.3,44684.0,305.69
2015-12-02,709.0,717.45,686.0,691.0,690.9,36593.0,253.94
2015-12-01,735.0,735.0,701.25,706.0,709.7,21045.0,150.05
2015-11-30,702.0,745.0,692.5,732.75,725.9,87769.0,628.24
2015-11-27,688.5,709.8,681.25,709.8,706.55,44654.0,313.25
2015-11-26,679.0,710.0,676.25,688.35,686.7,67535.0,472.29
2015-11-24,689.0,689.0,670.55,677.9,679.05,35750.0,242.52
2015-11-23,697.4,697.4,670.0,683.1,682.9,29573.0,201.1
2015-11-20,684.55,699.0,666.3,684.0,687.3,58822.0,403.37
2015-11-19,650.0,696.0,644.2,691.0,684.55,79885.0,536.23
2015-11-18,652.0,654.5,639.0,643.0,641.45,14832.0,96.16
2015-11-17,659.95,659.95,636.0,650.0,650.05,44887.0,290.86
2015-11-16,641.0,650.0,640.5,646.0,647.7,40687.0,262.48
2015-11-13,677.85,677.85,643.0,646.1,649.05,76118.0,497.0
2015-11-11,678.95,683.0,668.0,678.0,677.9,9340.0,63.26
2015-11-10,681.15,686.05,663.0,667.3,665.55,38769.0,260.15
2015-11-09,693.0,700.0,675.05,683.1,686.7,32309.0,222.89
2015-11-06,691.2,704.9,685.0,694.5,693.65,20965.0,145.05
2015-11-05,701.0,710.5,685.0,689.0,691.4,14555.0,101.31
2015-11-04,707.75,713.6,686.05,706.0,699.55,144534.0,1013.57
2015-11-03,700.0,713.0,699.0,708.0,705.2,17716.0,125.12
2015-11-02,709.85,717.5,694.0,705.0,704.55,39894.0,281.45
2015-10-30,700.35,714.0,700.0,708.85,709.85,38874.0,274.78
2015-10-29,708.9,708.9,692.8,701.0,700.35,27885.0,195.2
2015-10-28,699.95,706.0,696.4,703.55,703.3,24944.0,174.68
2015-10-27,699.0,705.0,686.4,704.5,698.85,37836.0,262.35
2015-10-26,698.0,699.0,687.0,698.0,696.4,34838.0,241.36
2015-10-23,709.0,709.0,685.1,687.0,687.05,29914.0,206.35
2015-10-21,694.9,698.4,685.15,694.8,690.5,25317.0,174.9
2015-10-20,699.85,700.0,690.15,690.5,692.95,30258.0,210.26
2015-10-19,714.9,714.9,686.4,691.0,692.85,190847.0,1336.03
2015-10-16,700.0,709.85,691.0,701.4,698.65,50613.0,353.16
2015-10-15,718.0,718.0,700.0,702.0,704.3,23281.0,165.24
2015-10-14,711.0,717.0,694.1,716.0,704.45,30989.0,217.64
2015-10-13,723.0,723.0,692.55,701.5,702.1,46370.0,325.06
2015-10-12,719.9,722.85,701.0,706.6,705.05,30946.0,219.55
2015-10-09,740.0,756.8,715.0,720.0,722.95,129185.0,960.39
2015-10-08,737.5,737.5,723.0,731.0,729.7,14971.0,109.23
2015-10-07,730.0,745.0,712.2,734.9,738.5,78900.0,578.21
2015-10-06,731.0,738.75,722.2,728.0,732.0,60868.0,444.21
2015-10-05,732.0,747.0,730.0,733.0,732.45,44874.0,330.71
2015-10-01,744.0,744.0,721.55,728.6,728.25,86171.0,627.59
2015-09-30,712.5,752.5,712.5,737.0,735.95,164447.0,1211.0
2015-09-29,695.0,718.0,669.85,712.0,712.15,121694.0,855.3
2015-09-28,699.0,716.8,690.2,698.0,699.05,30837.0,218.35
2015-09-24,709.9,712.75,690.0,693.8,697.1,17834.0,125.22
2015-09-23,665.05,706.9,655.05,706.5,701.0,126198.0,852.89
2015-09-22,680.0,690.85,668.0,678.5,677.25,63231.0,430.36
2015-09-21,663.85,680.9,654.25,677.0,676.95,34842.0,233.59
2015-09-18,642.95,669.7,636.0,660.0,659.1,176954.0,1158.9
2015-09-16,663.55,681.8,624.0,625.0,634.2,126518.0,828.97
2015-09-15,658.0,660.6,646.0,657.0,659.05,33339.0,217.41
2015-09-14,675.0,675.0,653.65,662.25,661.85,25108.0,165.79
2015-09-11,661.0,674.05,652.05,661.95,663.8,23638.0,157.05
2015-09-10,661.0,665.0,641.55,650.0,649.85,80182.0,522.54
2015-09-09,665.0,689.8,660.0,661.0,663.7,70741.0,473.85
2015-09-08,692.5,699.45,650.4,662.0,665.2,122928.0,819.27
2015-09-07,701.0,706.1,685.65,695.0,689.3,28057.0,194.79
2015-09-04,729.75,737.25,694.75,704.0,705.95,81403.0,577.69
2015-09-03,715.0,736.4,700.2,728.0,726.95,376629.0,2696.15
2015-09-02,696.4,715.95,696.1,701.95,701.5,48020.0,338.25
2015-09-01,724.95,724.95,694.8,700.0,699.1,76546.0,536.68
2015-08-31,692.15,733.0,680.0,729.9,725.9,58191.0,413.29
2015-08-28,707.0,724.9,700.0,701.7,701.5,56445.0,399.3
2015-08-27,690.15,714.7,676.15,708.0,707.65,51097.0,354.12
2015-08-26,679.0,692.4,675.0,683.0,687.1,36338.0,248.79
2015-08-25,677.0,694.0,640.05,684.9,680.5,149862.0,999.55
2015-08-24,726.0,730.05,680.0,697.9,697.75,700607.0,4858.67
2015-08-21,750.0,770.0,730.0,756.0,757.15,78170.0,588.09
2015-08-20,767.0,780.0,750.95,752.5,759.7,319496.0,2427.97
2015-08-19,756.95,785.0,756.95,775.0,773.2,78207.0,605.07
2015-08-18,772.0,777.85,741.1,754.3,757.9,34064.0,259.19
2015-08-17,734.4,775.0,724.5,774.0,760.75,82133.0,614.49
2015-08-14,696.15,745.0,691.1,735.0,734.4,63664.0,463.26
2015-08-13,728.45,732.9,686.0,707.8,695.75,64167.0,456.4
2015-08-12,745.85,745.85,717.95,720.0,724.75,52414.0,384.41
2015-08-11,757.95,760.0,738.0,749.7,746.05,56115.0,419.93
2015-08-10,747.0,764.8,747.0,754.05,754.85,72550.0,549.66
2015-08-07,743.3,773.0,738.5,744.0,745.5,430749.0,3259.52
2015-08-06,752.2,756.0,736.0,739.5,738.6,152558.0,1141.59
2015-08-05,695.95,749.0,691.05,742.0,739.05,305120.0,2225.29
2015-08-04,695.65,698.6,685.15,689.0,689.3,46648.0,322.11
2015-08-03,695.0,699.0,676.8,683.1,686.85,30376.0,209.82
2015-07-31,681.0,693.5,681.0,686.45,689.95,25934.0,178.67
2015-07-30,686.4,693.9,680.0,681.5,682.3,21528.0,147.93
2015-07-29,685.5,699.45,679.55,689.0,685.5,66028.0,456.21
2015-07-28,688.6,688.6,675.0,680.0,678.15,47347.0,322.92
2015-07-27,699.0,699.0,672.5,680.9,677.6,114572.0,783.93
2015-07-24,701.9,705.0,689.0,695.0,690.6,43029.0,299.8
2015-07-23,695.0,709.9,676.55,699.05,700.5,121851.0,851.15
2015-07-22,674.5,692.6,660.0,692.0,689.5,35577.0,243.35
2015-07-21,675.2,691.9,665.7,674.2,677.1,58892.0,401.19
2015-07-20,672.15,680.0,667.9,675.25,675.2,22255.0,150.05
2015-07-17,666.0,685.0,663.1,677.0,677.1,55769.0,376.75
2015-07-16,678.0,678.0,662.0,670.0,669.75,109821.0,734.86
2015-07-15,694.9,694.9,665.0,669.0,667.3,75928.0,517.9
2015-07-14,693.0,696.55,683.1,690.0,688.0,68840.0,475.58
2015-07-13,686.0,698.0,681.3,684.0,685.45,90313.0,622.19
2015-07-10,669.8,694.45,653.1,685.15,683.55,229507.0,1569.9
2015-07-09,663.8,670.0,645.05,666.0,663.15,122269.0,805.21
2015-07-08,645.7,677.0,645.7,650.5,652.15,423696.0,2818.79
2015-07-07,648.0,665.0,642.1,662.0,660.7,77917.0,510.88
2015-07-06,635.0,645.75,631.0,643.0,643.0,40471.0,259.99
2015-07-03,649.95,656.15,636.0,638.2,639.5,20283.0,131.0
2015-07-02,636.0,654.45,636.0,648.0,648.4,57274.0,371.46
2015-07-01,650.25,656.95,636.0,640.0,641.15,111183.0,719.04
2015-06-30,651.0,657.3,636.5,643.5,644.05,54383.0,351.55
2015-06-29,610.2,659.4,600.1,650.0,649.3,127601.0,809.3
2015-06-26,632.8,636.0,623.3,626.0,628.25,87999.0,555.2
2015-06-25,634.55,635.0,621.5,625.0,625.15,39393.0,247.93
2015-06-24,633.9,640.0,623.15,633.0,630.7,82921.0,524.84
2015-06-23,627.0,635.4,621.1,634.4,630.35,52944.0,332.6
2015-06-22,623.95,634.9,616.0,626.0,626.1,224293.0,1401.65
2015-06-19,619.0,624.9,610.3,621.0,618.8,73208.0,454.0
2015-06-18,620.0,625.8,615.2,618.45,619.2,144958.0,900.86
2015-06-17,593.0,634.0,593.0,615.0,614.3,128188.0,791.58
2015-06-16,593.65,594.95,583.0,593.0,592.1,28639.0,168.34
2015-06-15,589.4,599.7,583.0,589.7,588.3,33647.0,199.0
2015-06-12,584.0,601.5,577.15,584.4,583.0,84711.0,500.68
2015-06-11,604.35,615.0,580.0,584.0,587.3,69374.0,410.93
2015-06-10,606.7,606.7,593.0,599.0,596.4,98087.0,585.67
2015-06-09,610.0,614.4,595.0,600.65,602.9,22904.0,138.5
2015-06-08,618.5,626.9,608.5,608.5,614.55,66287.0,409.45
2015-06-05,613.75,627.0,610.35,621.95,621.75,44217.0,275.28
2015-06-04,597.05,618.0,597.05,613.2,613.7,107603.0,656.75
2015-06-03,608.6,609.8,582.0,594.85,596.1,48773.0,289.44
2015-06-02,633.9,639.0,606.0,606.05,611.75,162627.0,1020.03
2015-06-01,618.0,634.0,616.0,629.0,628.25,193661.0,1211.97
2015-05-29,603.15,635.0,592.3,611.0,616.0,364870.0,2235.04
2015-05-28,605.7,610.1,597.5,600.0,599.85,106567.0,640.38
2015-05-27,607.6,610.0,596.5,606.55,606.2,38427.0,231.71
2015-05-26,610.0,610.95,605.1,609.9,608.25,29042.0,176.87
2015-05-25,614.95,614.95,600.4,608.95,604.45,124670.0,759.99
2015-05-22,608.5,614.8,601.85,609.0,609.05,68999.0,420.89
2015-05-21,624.0,624.0,606.05,611.85,609.95,35614.0,217.88
2015-05-20,630.0,630.0,612.0,615.0,616.1,119299.0,742.22
2015-05-19,630.1,635.0,609.7,614.0,620.6,196220.0,1222.63
2015-05-18,620.3,629.7,617.0,628.0,627.1,82230.0,513.3
2015-05-15,617.8,623.7,610.8,618.0,615.8,63597.0,391.31
2015-05-14,597.6,619.95,591.7,611.4,611.35,62387.0,381.11
2015-05-13,602.0,606.55,587.0,597.5,599.45,110627.0,658.44
2015-05-12,600.0,607.0,580.0,585.0,584.5,37938.0,224.52
2015-05-11,593.0,608.0,592.2,599.0,598.6,44694.0,268.3
2015-05-08,594.0,598.75,585.6,587.7,589.4,107808.0,636.96
2015-05-07,605.0,605.0,573.05,583.5,580.9,75448.0,439.0
2015-05-06,620.0,626.0,588.0,588.75,591.05,75189.0,454.58
2015-05-05,620.95,634.0,605.45,622.0,620.15,86356.0,538.96
2015-05-04,594.9,617.0,594.85,614.0,615.05,64737.0,392.97
2015-04-30,586.0,595.0,575.0,580.0,581.0,121240.0,709.53
2015-04-29,601.0,606.85,584.85,595.0,592.5,124379.0,736.16
2015-04-28,590.15,603.55,586.6,600.0,601.1,89776.0,535.84
2015-04-27,600.0,608.0,580.0,589.05,590.55,114492.0,678.92
2015-04-24,627.2,632.65,601.6,604.35,603.5,90450.0,557.42
2015-04-23,639.0,639.65,623.05,625.3,624.8,34297.0,216.0
2015-04-22,642.8,648.0,627.3,631.95,632.15,45784.0,289.83
2015-04-21,641.9,650.0,623.1,644.35,644.35,190770.0,1226.52
2015-04-20,632.0,653.3,622.0,636.0,637.4,131352.0,839.81
2015-04-17,650.5,662.3,630.3,632.95,632.65,82590.0,527.44
2015-04-16,660.0,669.9,650.0,652.25,655.2,76282.0,500.72
2015-04-15,672.05,675.0,657.0,657.0,659.45,231296.0,1532.39
2015-04-13,690.0,691.05,669.0,672.05,672.05,76066.0,516.96
2015-04-10,691.0,703.0,680.25,683.6,686.95,181470.0,1260.61
2015-04-09,668.8,699.9,657.0,692.0,690.3,196572.0,1344.99
2015-04-08,666.95,670.0,651.15,659.35,663.45,88948.0,589.81
2015-04-07,673.95,673.95,650.0,661.8,664.95,74730.0,497.16
2015-04-06,641.0,661.0,641.0,657.5,659.45,62777.0,410.98
2015-04-01,646.3,647.0,631.95,639.8,637.85,71775.0,461.21
2015-03-31,656.95,660.0,632.3,635.0,638.45,185216.0,1211.36
2015-03-30,637.35,659.9,637.3,653.95,653.8,51416.0,332.35
2015-03-27,651.0,651.0,630.0,636.75,632.05,63302.0,402.2
2015-03-26,633.0,643.3,633.0,639.0,638.35,30138.0,192.56
2015-03-25,645.85,645.85,631.4,639.85,637.65,128522.0,820.85
2015-03-24,640.05,653.95,635.25,639.8,640.5,34461.0,222.0
2015-03-23,653.3,657.0,636.0,640.0,638.55,42597.0,274.65
2015-03-20,650.2,662.0,645.0,647.0,656.5,232473.0,1523.69
2015-03-19,659.95,661.15,651.1,657.0,656.05,39042.0,257.13
2015-03-18,661.6,665.0,651.5,658.4,654.45,40427.0,266.05
2015-03-17,663.4,667.6,654.0,659.95,657.7,95846.0,631.41
2015-03-16,664.4,667.0,655.0,658.5,659.1,53381.0,353.07
2015-03-13,671.0,671.0,656.5,665.9,663.4,56179.0,373.31
2015-03-12,671.0,674.9,653.05,665.0,668.95,85808.0,570.01
2015-03-11,679.0,686.7,665.0,672.9,668.0,37978.0,255.24
2015-03-10,690.0,694.0,672.0,676.0,676.55,36486.0,249.82
2015-03-09,706.95,710.0,685.0,688.0,687.5,97279.0,674.72
2015-03-05,688.4,710.95,685.0,700.0,701.6,171663.0,1203.31
2015-03-04,695.0,702.8,685.0,685.0,688.3,151741.0,1051.7
2015-03-03,673.0,686.65,665.55,686.65,685.1,89181.0,607.6
2015-03-02,665.0,679.9,649.9,671.0,671.9,80158.0,533.66
2015-02-28,655.0,685.0,645.1,660.9,660.2,165787.0,1105.16
2015-02-27,663.65,665.0,636.0,649.0,650.2,267638.0,1725.81
2015-02-26,645.9,663.0,632.25,660.0,657.7,112124.0,725.05
2015-02-25,654.05,663.25,637.0,644.8,643.3,120847.0,783.15
2015-02-24,666.0,676.8,648.1,650.1,653.3,82466.0,547.35
2015-02-23,684.9,685.0,658.95,661.45,664.95,66796.0,452.2
2015-02-20,668.0,683.95,667.1,680.75,679.55,182144.0,1226.37
2015-02-19,684.0,687.65,662.7,669.0,665.9,84649.0,568.53
2015-02-18,690.0,690.0,681.0,684.5,683.85,35505.0,242.84
2015-02-16,698.0,701.5,680.75,682.0,683.2,96813.0,667.43
2015-02-13,691.0,698.0,684.25,695.0,695.35,169271.0,1167.98
2015-02-12,659.0,690.0,659.0,690.0,687.2,188750.0,1277.92
2015-02-11,636.0,659.0,636.0,656.5,655.65,101588.0,659.23
2015-02-10,628.9,653.45,626.65,636.0,633.2,150212.0,962.7
2015-02-09,631.0,638.0,619.95,633.0,633.2,157192.0,993.43
2015-02-06,649.0,649.0,622.3,630.0,629.1,156636.0,988.75
2015-02-05,657.0,662.8,645.0,645.4,646.65,95483.0,624.44
2015-02-04,674.8,679.9,652.5,656.0,657.7,111148.0,737.43
2015-02-03,673.05,677.2,662.95,667.9,668.75,152421.0,1022.03
2015-02-02,691.95,707.6,666.0,668.05,669.65,326295.0,2246.85
2015-01-30,671.0,700.0,665.0,696.15,692.4,207826.0,1418.16
2015-01-29,664.4,675.25,643.3,669.0,670.1,214842.0,1432.75
2015-01-28,673.0,674.2,650.1,654.5,652.95,188118.0,1243.73
2015-01-27,673.55,681.9,668.0,669.1,669.8,91115.0,612.84
2015-01-23,698.8,698.8,667.0,668.75,669.5,177555.0,1204.43
2015-01-22,689.0,697.7,686.0,689.0,692.0,74918.0,519.11
2015-01-21,712.65,723.0,685.0,688.1,687.85,275268.0,1924.9
2015-01-20,703.0,724.0,700.1,709.0,715.3,328845.0,2348.77
2015-01-19,697.05,712.0,695.0,706.0,702.3,102008.0,718.28
2015-01-16,684.4,714.8,680.0,696.0,697.05,273827.0,1925.5
2015-01-15,697.9,708.0,678.55,680.0,683.45,140463.0,968.61
2015-01-14,691.0,699.0,677.0,679.0,679.35,87951.0,602.92
2015-01-13,684.0,695.0,681.0,690.0,687.5,78582.0,541.38
2015-01-12,694.5,702.25,681.0,683.0,684.45,125757.0,871.56
2015-01-09,699.8,705.0,685.0,699.0,698.25,145745.0,1015.6
2015-01-08,686.95,708.0,681.4,693.1,693.95,198115.0,1380.81
2015-01-07,667.8,686.05,661.0,678.95,676.15,147335.0,995.32
2015-01-06,684.2,686.9,658.0,667.0,661.95,216495.0,1456.02
2015-01-05,699.95,710.0,684.35,690.0,690.3,181228.0,1263.39
2015-01-02,706.5,723.0,685.65,694.1,696.85,420093.0,2973.55
2015-01-01,664.75,700.0,664.0,700.0,694.0,272124.0,1868.58
2014-12-31,643.0,670.0,643.0,664.5,663.95,211680.0,1403.81
2014-12-30,640.5,657.9,635.0,641.9,642.95,236711.0,1533.7
2014-12-29,641.0,655.9,634.0,638.5,636.55,139474.0,900.82
2014-12-26,622.2,663.0,622.05,639.7,641.0,123499.0,796.6
2014-12-24,622.65,628.0,615.0,620.0,624.85,339954.0,2124.2
2014-12-23,635.9,635.9,620.0,622.6,625.4,31198.0,196.27
2014-12-22,622.0,645.0,617.75,633.0,631.45,76320.0,483.9
2014-12-19,630.05,636.35,610.0,615.0,618.55,322318.0,1997.27
2014-12-18,608.0,637.4,607.7,624.5,624.55,154621.0,966.59
2014-12-17,615.85,620.0,560.0,596.5,600.9,140604.0,849.17
2014-12-16,611.75,617.9,592.0,607.0,605.25,208617.0,1256.45
2014-12-15,581.0,639.75,574.9,615.0,615.5,383497.0,2359.24
2014-12-12,587.1,598.0,576.15,586.15,584.6,51832.0,305.26
2014-12-11,585.0,600.0,574.0,586.05,590.5,192662.0,1136.7
2014-12-10,558.15,583.0,555.05,582.0,578.8,93452.0,534.67
2014-12-09,551.9,569.0,551.9,558.8,558.15,108252.0,606.4
2014-12-08,525.55,552.8,525.2,552.0,550.15,224761.0,1217.12
2014-12-05,543.8,543.8,527.0,532.0,530.55,89495.0,476.17
2014-12-04,540.0,546.95,530.75,534.0,534.75,154964.0,838.81
2014-12-03,541.05,546.55,538.0,538.0,540.05,333861.0,1806.11
2014-12-02,545.8,548.8,541.0,542.9,542.8,41087.0,223.67
2014-12-01,556.0,556.0,544.0,544.0,547.5,93302.0,513.31
2014-11-28,552.4,554.2,540.35,544.65,543.7,73765.0,403.98
2014-11-27,544.05,561.0,542.0,549.0,549.2,52612.0,290.28
2014-11-26,545.6,552.0,541.0,546.0,546.55,64440.0,352.33
2014-11-25,558.25,561.75,543.0,546.1,545.1,177073.0,978.85
2014-11-24,555.45,567.95,551.0,558.2,561.65,92761.0,518.33
2014-11-21,562.55,570.2,549.0,557.0,553.3,77458.0,434.56
2014-11-20,562.95,572.0,551.1,559.0,558.95,46936.0,262.58
2014-11-19,570.75,577.0,549.0,565.0,562.2,99575.0,564.27
2014-11-18,574.0,579.9,564.05,567.55,568.0,117110.0,669.4
2014-11-17,549.0,583.3,547.0,570.15,572.25,195558.0,1114.63
2014-11-14,531.2,558.0,531.2,555.0,548.3,212893.0,1158.93
2014-11-13,534.0,545.0,530.0,540.0,539.4,87334.0,468.37
2014-11-12,543.85,545.0,533.3,537.0,535.4,54016.0,291.05
2014-11-11,525.95,554.7,521.55,540.3,539.75,224426.0,1213.65
2014-11-10,508.95,533.7,500.1,520.05,521.5,198810.0,1019.51
2014-11-07,491.9,506.95,490.0,506.65,503.35,221922.0,1110.07
2014-11-05,485.0,494.95,482.0,494.5,490.95,60177.0,293.53
2014-11-03,489.55,490.95,480.05,484.0,485.3,47885.0,233.08
2014-10-31,484.45,490.0,481.0,487.4,487.75,52231.0,254.53
2014-10-30,476.5,487.7,476.5,484.0,483.5,39563.0,191.32
2014-10-29,474.8,483.6,472.0,480.6,480.15,94353.0,451.73
2014-10-28,483.05,489.0,470.0,471.0,470.4,614225.0,2893.55
2014-10-27,489.95,494.0,480.0,483.1,484.05,73991.0,361.35
2014-10-23,479.8,494.0,475.5,485.0,487.3,72650.0,352.35
2014-10-22,476.05,477.55,470.3,472.15,474.7,41629.0,197.52
2014-10-21,467.8,482.0,466.3,474.95,474.55,170011.0,802.03
2014-10-20,490.0,495.0,460.0,466.0,466.85,3145624.0,14821.61
2014-10-17,462.8,475.0,455.0,469.0,469.05,63315.0,296.01
2014-10-16,467.5,475.0,446.1,447.5,451.05,37388.0,174.32
2014-10-14,460.0,475.0,460.0,469.05,469.7,101994.0,480.42
2014-10-13,466.0,469.8,455.5,461.8,462.35,58556.0,271.73
2014-10-10,448.35,467.7,444.0,457.5,457.7,104285.0,474.38
2014-10-09,452.9,455.0,443.95,452.0,452.95,140234.0,632.11
2014-10-08,444.0,448.0,434.5,444.1,443.35,30639.0,135.35
2014-10-07,440.0,449.0,435.0,440.0,439.5,137763.0,606.1
2014-10-01,432.9,445.0,428.0,443.0,441.6,50124.0,218.23
2014-09-30,430.95,434.0,421.3,422.0,426.75,69958.0,300.03
2014-09-29,425.0,430.95,425.0,429.5,429.9,69385.0,297.06
2014-09-26,407.0,426.0,407.0,425.0,422.9,26374.0,110.43
2014-09-25,415.0,422.95,406.0,412.45,411.1,61282.0,253.75
2014-09-24,424.95,426.95,417.0,419.4,418.0,219347.0,917.38
2014-09-23,424.9,428.45,420.1,425.0,424.3,62151.0,263.84
2014-09-22,425.4,430.9,422.65,425.0,424.95,55974.0,238.57
2014-09-19,429.0,433.35,429.0,429.1,429.7,77022.0,331.4
2014-09-18,432.3,434.75,426.0,428.3,429.35,165615.0,711.62
2014-09-17,431.35,439.0,428.2,432.25,430.05,64131.0,276.52
2014-09-16,440.0,440.95,430.05,431.0,432.3,50552.0,220.49
2014-09-15,440.0,441.0,436.95,437.55,438.4,59220.0,260.14
2014-09-12,445.9,446.0,437.6,439.5,439.7,58930.0,259.59
2014-09-11,459.0,459.0,439.8,440.0,443.0,100810.0,448.92
2014-09-10,443.0,457.05,440.0,449.4,446.9,385137.0,1735.71
2014-09-09,435.0,451.15,434.0,445.0,447.0,74551.0,330.63
2014-09-08,458.0,458.0,434.2,435.0,436.6,85388.0,377.63
2014-09-05,450.0,453.95,441.2,448.0,447.4,35859.0,159.76
2014-09-04,461.0,461.0,447.0,453.0,450.0,24114.0,108.46
2014-09-03,463.9,464.95,451.25,452.0,455.95,125486.0,572.79
2014-09-02,457.95,469.9,454.55,459.9,458.0,44874.0,207.0
2014-09-01,441.0,466.0,441.0,455.0,455.1,115362.0,527.33
2014-08-28,440.05,443.7,434.8,440.0,440.85,248309.0,1092.65
2014-08-27,430.15,442.0,429.25,439.0,437.65,347709.0,1525.33
2014-08-26,432.35,440.0,429.1,433.0,431.85,18497.0,80.23
2014-08-25,433.65,442.5,433.65,435.0,436.7,22517.0,98.75
2014-08-22,440.0,440.0,432.2,435.5,434.05,23918.0,104.31
2014-08-21,442.0,443.95,432.95,437.0,438.6,132423.0,582.98
2014-08-20,444.95,444.95,440.1,441.85,442.0,79288.0,350.19
2014-08-19,444.8,449.0,439.0,441.0,440.4,26946.0,119.41
2014-08-18,441.1,448.25,434.0,440.4,442.45,27690.0,121.6
2014-08-14,418.0,439.0,416.0,437.0,437.4,53919.0,234.17
2014-08-13,421.0,429.95,419.0,422.5,420.2,31396.0,133.35
2014-08-12,427.5,434.95,420.0,424.0,424.6,58032.0,248.0
2014-08-11,437.55,438.0,428.3,430.85,431.25,89566.0,388.25
2014-08-08,437.5,440.0,432.05,437.0,436.4,30689.0,134.15
2014-08-07,440.1,450.0,435.0,436.2,437.8,31670.0,139.66
2014-08-06,443.4,448.8,440.0,442.65,443.05,39972.0,178.27
2014-08-05,448.0,450.0,445.0,448.0,447.85,24740.0,110.97
2014-08-04,431.1,458.6,431.1,444.7,444.8,80830.0,360.38
2014-08-01,431.9,436.0,427.2,433.0,429.2,103744.0,447.73
2014-07-31,435.45,439.7,428.7,434.35,431.9,51121.0,221.68
2014-07-30,433.1,444.0,432.0,433.0,437.25,57114.0,250.12
2014-07-28,428.95,445.9,424.95,437.0,437.4,59274.0,259.97
2014-07-25,445.0,450.0,434.0,435.0,435.9,89691.0,395.17
2014-07-24,450.0,454.7,444.0,446.15,447.6,89376.0,400.85
2014-07-23,461.65,461.95,448.0,450.0,449.95,90078.0,406.72
2014-07-22,469.8,469.8,453.55,454.0,455.75,154099.0,709.02
2014-07-21,467.6,484.0,464.0,464.5,467.7,315019.0,1491.31
2014-07-18,469.8,478.7,463.0,466.2,467.6,86080.0,404.61
2014-07-17,481.0,515.0,427.5,469.95,473.15,11880494.0,51241.95
2014-07-16,476.0,493.9,470.25,481.15,479.35,82666.0,394.83
2014-07-15,448.85,478.0,447.0,469.8,470.45,64414.0,296.44
2014-07-14,449.95,455.0,441.1,448.95,447.2,24663.0,110.68
2014-07-11,470.0,472.35,440.0,451.85,449.95,72960.0,334.26
2014-07-10,450.0,475.0,442.05,464.9,459.9,131161.0,602.17
2014-07-09,462.0,464.75,449.05,450.0,451.3,34850.0,157.76
2014-07-08,477.65,477.95,452.0,464.95,459.35,109894.0,516.26
2014-07-07,474.0,479.95,468.0,474.0,474.95,68721.0,325.96
2014-07-04,477.35,480.15,465.5,472.55,474.15,62941.0,298.2
2014-07-03,478.6,481.0,466.0,471.5,472.7,29575.0,140.28
2014-07-02,460.0,483.0,460.0,475.95,475.5,214985.0,1013.7
2014-07-01,464.0,466.8,457.0,458.45,458.25,28821.0,132.47
2014-06-30,461.5,466.8,446.0,458.0,459.65,48161.0,220.31
2014-06-27,449.7,460.0,445.15,451.7,451.65,526748.0,2385.72
2014-06-26,444.9,452.8,441.05,446.9,444.95,80693.0,361.67
2014-06-25,437.0,445.0,433.9,440.0,439.65,65093.0,286.28
2014-06-24,425.15,440.0,424.0,428.6,429.25,256312.0,1102.27
2014-06-23,428.75,432.45,421.1,429.25,429.8,30436.0,130.34
2014-06-20,421.0,432.5,420.0,424.4,426.4,45854.0,196.69
2014-06-19,421.9,427.5,416.55,423.0,424.5,19370.0,81.82
2014-06-18,420.4,429.0,415.0,418.0,417.25,34383.0,145.23
2014-06-17,408.0,421.0,408.0,417.95,416.4,131216.0,544.77
2014-06-16,405.9,418.85,402.6,409.0,408.55,38949.0,159.58
2014-06-13,411.0,428.0,407.0,412.9,409.95,138301.0,569.7
2014-06-12,439.9,439.9,414.0,415.75,416.7,222863.0,928.96
2014-06-11,435.0,445.45,427.05,427.6,428.05,43146.0,188.06
2014-06-10,433.5,446.0,426.1,430.4,429.65,39387.0,170.37
2014-06-09,446.0,448.8,430.1,432.0,432.7,208259.0,903.26
2014-06-06,433.5,448.95,433.5,436.8,440.15,78386.0,344.96
2014-06-05,453.95,458.5,431.0,433.0,433.7,98442.0,433.82
2014-06-04,442.2,475.0,442.2,448.0,451.85,94922.0,435.74
2014-06-03,403.3,447.9,403.3,445.0,441.85,241208.0,1029.72
2014-06-02,408.0,419.9,404.5,406.8,406.7,72620.0,299.36
2014-05-30,419.85,419.85,407.15,408.5,409.5,22168.0,91.64
2014-05-29,429.6,436.95,406.85,414.0,412.8,42901.0,179.0
2014-05-28,410.1,432.0,410.1,429.6,424.15,18351.0,76.98
2014-05-27,408.95,418.0,405.0,410.0,409.85,28060.0,115.47
2014-05-26,415.0,420.0,390.0,405.0,404.85,31213.0,127.48
2014-05-23,422.35,434.4,409.1,409.1,411.0,55289.0,229.94
2014-05-22,431.1,440.0,414.0,421.0,417.4,62503.0,267.9
2014-05-21,434.45,443.9,421.05,426.0,425.8,76456.0,332.05
2014-05-20,420.0,435.0,419.95,428.45,427.15,112436.0,481.19
2014-05-19,404.95,433.0,404.95,416.05,417.0,79805.0,335.21
2014-05-16,405.0,405.9,391.1,395.2,394.2,24634.0,98.64
2014-05-15,399.0,405.0,377.8,404.9,397.6,22672.0,90.2
2014-05-14,416.4,422.0,396.0,398.95,398.75,91298.0,369.28
2014-05-13,405.75,416.0,401.0,408.5,408.85,112500.0,462.56
2014-05-12,384.05,403.6,383.0,403.55,398.2,53826.0,213.28
2014-05-09,380.0,384.0,378.0,384.0,382.0,25306.0,96.61
2014-05-08,382.45,385.0,374.0,378.8,377.4,15051.0,57.07
2014-05-07,375.0,387.0,375.0,384.05,382.55,17470.0,67.01
2014-05-06,376.8,380.05,370.0,378.0,373.95,95013.0,355.75
2014-05-05,378.0,384.95,372.0,372.0,375.9,39471.0,149.36
2014-05-02,384.95,384.95,377.0,379.95,379.95,62308.0,236.91
2014-04-30,386.0,386.0,372.0,373.3,374.2,17662.0,66.56
2014-04-29,380.05,385.0,375.0,377.0,378.35,23074.0,87.72
2014-04-28,393.0,395.0,380.0,381.0,382.3,34725.0,133.41
2014-04-25,382.8,400.1,382.15,389.0,389.65,75137.0,294.75
2014-04-23,380.0,389.0,379.25,384.8,383.8,29986.0,115.14
2014-04-22,381.0,383.05,377.0,378.0,378.2,30639.0,116.0
2014-04-21,377.55,385.9,373.0,381.0,381.15,49742.0,189.15
2014-04-17,373.6,377.8,370.1,373.0,372.75,26195.0,98.2
2014-04-16,376.1,384.75,372.0,374.95,373.8,40224.0,151.24
2014-04-15,370.4,389.0,370.4,376.05,376.65,725947.0,2740.33
2014-04-11,362.0,374.5,362.0,370.5,370.4,55598.0,205.43
2014-04-10,362.5,369.9,356.95,363.0,362.35,137552.0,500.4
2014-04-09,355.0,365.5,346.0,361.0,363.05,47806.0,171.47
2014-04-07,358.35,364.4,341.0,351.5,355.0,41824.0,147.8
2014-04-04,363.0,390.0,353.0,353.25,355.05,143210.0,519.12
2014-04-03,349.85,386.0,336.0,360.0,359.4,337875.0,1216.25
2014-04-02,334.15,354.0,334.15,349.9,349.75,64649.0,224.87
2014-04-01,335.0,336.7,328.3,336.5,335.15,39763.0,132.33
2014-03-31,334.95,343.95,330.0,334.0,333.7,161370.0,541.84
2014-03-28,327.0,335.0,325.3,332.0,330.6,32919.0,108.54
2014-03-27,327.9,328.0,323.05,327.95,325.95,20051.0,65.19
2014-03-26,329.0,332.0,320.55,321.55,322.15,27904.0,91.32
2014-03-25,324.45,328.0,323.2,327.9,327.15,8540.0,27.84
2014-03-24,324.0,328.0,320.05,324.0,322.8,17155.0,55.71
2014-03-22,326.75,326.75,323.7,324.2,324.35,1452.0,4.72
2014-03-21,334.75,334.8,322.05,327.0,328.05,15196.0,49.89
2014-03-20,328.15,332.0,326.2,327.0,327.65,10841.0,35.7
2014-03-19,329.9,330.0,323.0,325.0,324.4,17749.0,57.98
2014-03-18,324.0,332.0,319.95,324.15,326.2,17068.0,55.59
2014-03-14,314.45,319.0,310.1,319.0,317.45,14441.0,45.26
2014-03-13,317.0,319.7,311.0,314.45,313.0,24688.0,77.37
2014-03-12,310.0,325.0,309.1,317.5,316.45,49185.0,154.65
2014-03-11,312.0,319.95,308.2,309.1,309.55,59548.0,185.63
2014-03-10,327.0,327.0,310.05,313.9,312.95,47968.0,150.6
2014-03-07,319.75,320.0,311.2,316.0,316.05,46310.0,146.29
2014-03-06,324.9,324.9,315.0,316.0,316.5,52778.0,167.55
2014-03-05,316.3,321.0,316.0,319.5,319.7,52735.0,168.67
2014-03-04,340.0,340.0,315.0,317.0,318.3,52462.0,167.54
2014-03-03,326.7,330.5,320.5,322.0,324.1,32630.0,106.58
2014-02-28,332.0,333.45,328.05,329.0,329.95,12182.0,40.28
2014-02-26,337.0,337.0,326.0,330.0,329.45,23841.0,78.7
2014-02-25,332.0,352.75,331.0,335.0,334.9,40572.0,138.38
2014-02-24,332.0,340.0,327.8,330.55,331.35,24452.0,81.5
2014-02-21,331.9,340.0,326.15,327.25,329.5,25739.0,85.36
2014-02-20,314.35,345.5,313.55,330.0,335.25,37469.0,123.15
2014-02-19,305.5,314.0,305.5,314.0,313.0,7813.0,24.28
2014-02-18,310.0,312.8,303.3,306.5,308.55,80205.0,247.88
2014-02-17,314.95,350.1,303.0,303.9,307.3,368644.0,1176.81
2014-02-14,312.9,314.0,308.05,309.0,309.1,116783.0,361.36
2014-02-13,314.0,315.0,308.0,309.9,309.45,32607.0,101.6
2014-02-12,313.45,314.0,310.55,313.95,313.2,16843.0,52.8
2014-02-11,311.0,318.5,306.15,310.0,310.4,53156.0,166.64
2014-02-10,312.0,313.0,305.0,306.0,308.65,57828.0,179.41
2014-02-07,314.0,317.0,308.55,309.0,309.4,17314.0,54.25
2014-02-06,312.0,319.05,310.0,313.5,312.25,24218.0,76.09
2014-02-05,316.1,319.5,314.0,319.5,315.0,11912.0,37.54
2014-02-04,317.0,317.0,313.0,313.3,314.95,12525.0,39.44
2014-02-03,320.0,324.8,311.5,318.95,316.3,11080.0,34.89
2014-01-31,326.0,326.0,312.1,318.0,319.4,28785.0,91.97
2014-01-30,318.0,321.0,307.05,319.0,318.5,18007.0,57.18
2014-01-29,318.0,328.0,318.0,319.95,320.0,12445.0,39.85
2014-01-28,326.45,326.5,320.0,325.0,323.55,18082.0,58.27
2014-01-27,324.0,326.2,320.5,322.0,322.25,3003.0,9.73
2014-01-24,329.0,329.5,323.0,324.0,323.75,5268.0,17.23
2014-01-23,325.8,331.0,325.5,326.05,328.4,18939.0,62.54
2014-01-22,323.9,331.95,319.1,325.0,325.05,24950.0,80.42
2014-01-21,320.0,322.0,317.95,319.9,319.85,13610.0,43.58
2014-01-20,323.05,325.9,319.0,319.6,319.85,12188.0,39.1
2014-01-17,325.0,326.0,321.0,321.0,323.0,35226.0,113.97
2014-01-16,327.0,329.7,323.0,323.1,323.45,22389.0,72.95
2014-01-15,330.0,332.9,323.0,327.0,326.3,16320.0,53.37
2014-01-14,330.0,335.0,327.1,330.0,330.55,7780.0,25.7
2014-01-13,330.0,333.95,329.0,329.6,329.9,10702.0,35.44
2014-01-10,330.0,336.85,328.1,330.0,330.35,24827.0,82.54
2014-01-09,330.0,339.95,328.05,330.0,330.5,37745.0,125.16
2014-01-08,332.0,335.9,328.0,330.0,330.85,15609.0,51.67
2014-01-07,346.95,346.95,325.75,328.6,329.05,140752.0,476.17
2014-01-06,344.95,346.0,339.2,339.9,340.15,40226.0,138.43
2014-01-03,339.0,349.7,335.15,336.75,339.8,37248.0,128.22
2014-01-02,359.9,361.95,335.25,335.25,339.55,22674.0,79.73
2014-01-01,350.0,352.95,348.25,351.0,349.5,24803.0,86.71
2013-12-31,354.75,355.0,344.95,349.0,348.45,13305.0,46.54
2013-12-30,360.05,362.4,347.0,349.2,349.95,13166.0,46.62
2013-12-27,354.9,369.8,351.0,352.1,354.35,15345.0,54.8
2013-12-26,340.5,360.5,340.5,353.35,352.65,15736.0,55.6
2013-12-24,336.95,347.5,331.05,342.0,340.5,7684.0,26.15
2013-12-23,327.95,339.0,322.1,332.75,330.3,4620.0,15.3
2013-12-20,320.65,327.5,318.0,323.0,322.8,3339.0,10.79
2013-12-19,328.2,328.7,320.25,322.1,322.65,3377.0,10.91
2013-12-18,330.95,330.95,321.1,323.05,323.8,8020.0,25.98
2013-12-17,326.15,332.65,322.1,322.5,323.45,7052.0,23.07
2013-12-16,325.0,329.0,322.3,327.0,326.15,7326.0,23.89
2013-12-13,315.0,321.9,315.0,316.8,318.15,41953.0,133.82
2013-12-12,310.05,319.8,310.05,315.1,315.65,52692.0,166.5
2013-12-11,310.05,318.25,306.3,318.0,316.9,5488.0,17.13
2013-12-10,321.0,321.0,311.1,312.55,312.95,7506.0,23.64
2013-12-09,331.95,331.95,317.0,317.15,319.0,6997.0,22.58
2013-12-06,328.0,328.0,321.0,323.0,324.85,27927.0,89.92
2013-12-05,323.3,335.0,321.0,324.5,324.8,7505.0,24.62
2013-12-04,326.0,330.0,324.3,328.0,326.7,2720.0,8.92
2013-12-03,330.0,332.0,325.0,325.2,326.95,9613.0,31.5
2013-12-02,312.0,330.0,299.15,327.0,327.9,15745.0,51.11
2013-11-29,310.0,326.8,309.4,313.3,314.7,33759.0,107.29
2013-11-28,295.05,312.95,295.05,309.0,310.7,13791.0,42.37
2013-11-27,293.75,295.95,291.05,294.0,294.55,5367.0,15.82
2013-11-26,291.3,291.6,288.0,291.0,290.55,6714.0,19.48
2013-11-25,293.0,294.95,291.0,292.95,292.45,3517.0,10.28
2013-11-22,294.0,297.9,291.05,291.05,291.8,5982.0,17.53
2013-11-21,295.0,298.0,291.1,293.5,293.3,6089.0,17.94
2013-11-20,299.75,299.75,291.2,295.0,294.5,5691.0,16.76
2013-11-19,298.7,298.7,290.0,295.0,294.55,5941.0,17.55
2013-11-18,299.85,300.0,293.0,295.0,294.25,11180.0,33.04
2013-11-14,296.0,297.0,293.0,295.95,295.95,5075.0,14.99
2013-11-13,298.9,299.0,293.0,295.0,294.6,3635.0,10.75
2013-11-12,300.55,302.8,294.8,294.8,295.65,5137.0,15.32
2013-11-11,296.7,305.0,292.1,293.15,294.65,12091.0,36.33
2013-11-08,296.9,302.95,293.5,295.1,296.7,4662.0,13.85
2013-11-07,306.0,306.0,294.0,295.0,295.2,14040.0,42.15
2013-11-06,298.5,307.0,298.5,305.75,304.75,9144.0,27.69
2013-11-05,284.9,303.9,284.9,295.0,295.3,13787.0,40.95
2013-11-03,293.95,299.95,289.0,292.5,291.95,13809.0,40.46
2013-11-01,286.0,292.0,284.2,285.5,285.55,9433.0,27.07
2013-10-31,291.0,291.0,284.1,284.4,285.6,7689.0,22.0
2013-10-30,291.45,291.95,284.15,289.0,288.95,7202.0,20.83
2013-10-29,297.5,297.5,282.6,286.2,287.2,11067.0,31.81
2013-10-28,296.85,299.7,286.0,291.0,290.25,16350.0,47.72
2013-10-25,294.9,294.9,284.0,293.0,292.4,7690.0,22.35
2013-10-24,280.0,295.7,278.2,285.5,285.7,21776.0,62.98
2013-10-23,275.0,281.2,270.1,281.0,277.85,38123.0,104.5
2013-10-22,268.95,274.0,267.0,274.0,273.15,138863.0,373.63
2013-10-21,275.0,275.0,262.4,267.0,267.5,4348.0,11.59
2013-10-18,259.9,268.65,259.1,265.55,265.75,12221.0,32.28
2013-10-17,267.95,267.95,259.05,261.0,261.3,5408.0,14.15
2013-10-15,268.0,272.0,262.25,263.0,263.85,2626.0,7.0
2013-10-14,272.0,276.0,263.05,265.0,265.7,5260.0,14.12
2013-10-11,275.0,275.0,265.55,271.0,271.2,7405.0,20.01
2013-10-10,272.1,273.8,266.55,270.0,269.95,3142.0,8.5
2013-10-09,260.1,272.0,260.1,271.9,270.05,8679.0,23.31
2013-10-08,260.0,265.9,260.0,265.9,264.55,3896.0,10.22
2013-10-07,265.0,270.0,259.1,262.0,262.65,3937.0,10.49
2013-10-04,252.15,269.5,252.0,263.0,261.4,10633.0,27.65
2013-10-03,252.85,252.95,247.0,251.0,252.0,5623.0,14.02
2013-10-01,255.0,257.0,243.3,245.0,246.75,4709.0,11.8
2013-09-30,243.0,263.85,238.0,261.0,251.35,20117.0,49.77
2013-09-27,241.0,245.0,241.0,243.0,242.85,2907.0,7.06
2013-09-26,242.0,243.0,239.1,240.7,240.5,903.0,2.18
2013-09-25,243.85,243.9,238.2,242.0,241.15,5508.0,13.25
2013-09-24,238.75,243.8,238.25,240.5,240.5,6475.0,15.69
2013-09-23,240.05,245.45,237.4,238.05,238.35,4443.0,10.67
2013-09-20,246.0,246.85,236.6,240.0,238.7,6417.0,15.4
2013-09-19,244.0,251.4,242.0,246.0,246.25,14576.0,35.9
2013-09-18,239.05,242.95,237.5,237.7,238.85,13368.0,32.15
2013-09-17,245.8,264.85,236.6,237.5,237.95,3805.0,9.1
2013-09-16,243.55,245.0,237.0,237.0,238.6,10913.0,26.08
2013-09-13,245.0,245.0,236.65,242.0,242.5,6407.0,15.49
2013-09-12,245.0,246.0,239.0,240.0,240.6,23659.0,57.5
2013-09-11,238.5,254.0,238.5,247.0,247.0,14988.0,36.97
2013-09-10,240.05,242.8,236.0,239.25,237.8,23937.0,57.37
2013-09-06,242.9,243.0,225.3,243.0,240.85,12168.0,29.02
2013-09-05,233.7,241.0,233.7,236.0,238.65,13807.0,32.96
2013-09-04,231.05,235.0,228.8,233.0,233.45,7156.0,16.74
2013-09-03,235.05,236.5,227.1,234.5,230.6,6236.0,14.6
2013-09-02,231.0,240.75,231.0,235.0,235.65,9330.0,22.14
2013-08-30,230.15,230.15,224.0,229.0,228.45,3445.0,7.86
2013-08-29,229.0,233.7,222.1,225.05,228.2,4501.0,10.27
2013-08-28,226.0,238.5,221.1,227.8,231.0,47545.0,109.81
2013-08-27,236.05,238.35,225.0,226.0,228.5,34650.0,80.41
2013-08-26,236.95,244.35,230.0,234.05,234.05,12969.0,30.48
2013-08-23,235.1,237.9,232.0,232.25,233.75,9985.0,23.41
2013-08-22,243.0,243.0,227.5,237.0,236.35,11986.0,27.77
2013-08-21,243.95,252.65,231.9,235.0,234.55,13351.0,32.15
2013-08-20,236.95,238.0,231.55,235.4,236.9,34087.0,80.04
2013-08-19,252.05,252.05,201.0,235.5,236.5,200490.0,478.99
2013-08-16,256.45,258.0,250.0,250.1,251.05,8761.0,22.18
2013-08-14,253.05,257.0,252.2,256.3,255.25,2641.0,6.72
2013-08-13,252.15,258.0,250.75,251.05,251.2,10797.0,27.31
2013-08-12,255.0,260.95,245.25,251.0,252.95,13786.0,34.71
2013-08-08,261.0,263.95,253.1,255.5,255.3,31452.0,80.19
2013-08-07,260.05,268.05,250.0,256.0,259.1,34595.0,89.12
2013-08-06,259.0,280.0,256.0,256.1,258.9,68590.0,182.52
2013-08-05,247.0,259.85,237.3,256.0,257.15,48357.0,119.03
2013-08-02,254.0,256.55,243.0,248.7,244.95,26344.0,65.73
2013-08-01,258.7,260.0,250.5,250.6,253.7,23282.0,59.53
2013-07-31,259.95,260.0,252.1,253.0,253.0,90733.0,230.6
2013-07-30,277.85,277.85,261.0,262.45,261.6,12507.0,33.2
2013-07-29,272.75,275.8,258.15,267.1,267.2,26711.0,70.81
2013-07-26,276.65,281.0,260.55,271.0,269.9,35096.0,95.31
2013-07-25,282.5,286.85,272.0,272.0,273.6,34404.0,94.93
2013-07-24,295.0,296.0,281.8,285.5,286.0,34629.0,99.12
2013-07-23,284.55,298.8,282.05,290.0,291.25,56740.0,163.35
2013-07-22,284.0,284.0,278.75,283.1,280.45,27683.0,77.52
2013-07-19,285.0,292.9,278.1,279.7,279.25,41572.0,117.61
2013-07-18,277.85,288.0,276.15,283.0,282.65,204665.0,581.19
2013-07-17,278.15,281.45,272.5,275.8,274.3,113080.0,312.34
2013-07-16,278.7,285.0,276.0,277.0,277.5,68532.0,192.03
2013-07-15,280.0,288.0,277.1,279.75,278.95,90502.0,252.43
2013-07-12,275.85,280.8,273.0,277.0,277.3,35771.0,99.64
2013-07-11,285.4,286.65,271.75,273.0,274.7,29792.0,83.21
2013-07-10,285.85,295.0,270.0,278.65,277.35,115311.0,326.76
2013-07-09,269.6,286.4,267.8,278.5,278.85,107267.0,297.94
2013-07-08,263.0,270.0,256.0,263.0,264.15,80837.0,213.5
2013-07-05,257.0,270.4,257.0,258.95,259.6,51501.0,134.68
2013-07-04,259.85,264.0,254.0,255.0,254.75,26442.0,68.12
2013-07-03,249.0,278.6,248.0,252.0,255.4,126372.0,323.64
2013-07-02,250.0,251.85,247.15,248.85,248.9,145475.0,362.33
2013-07-01,235.9,268.9,235.9,248.0,248.1,163234.0,407.29
2013-06-28,219.95,234.0,219.0,229.0,229.95,61380.0,139.94
2013-06-27,215.95,220.4,212.5,219.5,219.25,11932.0,26.07
2013-06-26,212.0,216.9,210.0,212.1,212.8,6412.0,13.63
2013-06-25,217.0,217.0,207.95,213.5,211.75,8966.0,18.87
2013-06-24,216.0,216.0,209.0,210.0,210.35,15968.0,33.56
2013-06-21,209.65,213.7,205.0,213.7,213.15,291777.0,616.96
2013-06-20,210.15,215.0,209.6,211.95,211.8,340899.0,716.83
2013-06-19,212.0,218.05,209.0,209.5,211.2,21148.0,44.96
2013-06-18,221.0,221.0,210.0,213.65,211.6,36426.0,77.75
2013-06-17,209.3,222.75,209.3,222.75,220.15,23620.0,51.31
2013-06-14,212.95,215.5,209.95,215.0,215.15,9559.0,20.45
2013-06-13,213.75,214.75,207.3,213.0,209.65,17247.0,36.37
2013-06-12,206.0,218.95,203.5,212.0,211.75,21818.0,46.13
2013-06-11,214.5,214.5,202.95,207.8,205.7,64187.0,133.84
2013-06-10,212.05,216.6,210.0,213.15,214.75,3609.0,7.71
2013-06-07,216.95,217.9,208.65,211.0,210.3,19392.0,41.44
2013-06-06,221.0,221.7,214.0,215.0,214.95,56181.0,120.96
2013-06-05,218.5,223.9,218.5,219.7,219.25,38785.0,85.61
2013-06-04,219.35,220.05,216.55,220.0,218.65,26378.0,57.68
2013-06-03,216.15,225.0,215.1,215.75,216.95,16197.0,35.36
2013-05-31,217.55,220.0,214.95,216.0,215.35,74660.0,161.69
2013-05-30,217.0,225.35,213.15,220.0,219.55,23229.0,50.86
2013-05-29,225.0,225.0,218.1,221.0,219.8,30433.0,67.47
2013-05-28,213.4,221.95,213.4,220.0,218.35,119357.0,261.0
2013-05-27,215.0,219.8,207.0,212.9,213.45,13399.0,28.66
2013-05-24,206.6,227.0,206.0,218.0,214.55,42778.0,90.12
2013-05-23,209.5,209.5,203.0,207.25,206.3,18954.0,39.03
2013-05-22,203.5,213.0,203.5,206.5,207.95,69544.0,145.72
2013-05-21,216.9,217.95,200.0,210.0,208.9,30897.0,65.67
2013-05-20,213.85,215.0,209.05,211.0,211.35,79915.0,168.9
2013-05-17,207.9,210.4,204.95,208.0,209.7,37124.0,77.52
2013-05-16,201.0,224.0,201.0,205.5,205.65,113507.0,238.8
2013-05-15,198.45,203.8,185.0,202.1,202.05,459618.0,914.97
2013-05-14,196.8,198.0,195.0,195.15,195.95,21384.0,42.05
2013-05-13,199.9,199.9,192.5,194.25,194.25,62436.0,122.49
2013-05-11,187.0,197.35,187.0,190.05,191.15,37383.0,71.92
2013-05-10,182.0,198.4,182.0,187.0,187.35,136776.0,259.93
2013-05-09,177.95,184.0,177.5,178.2,181.25,63439.0,114.57
2013-05-08,175.0,179.4,174.0,177.95,177.1,19369.0,34.49
2013-05-07,174.95,176.0,173.1,174.2,175.3,35191.0,61.54
2013-05-06,174.0,175.0,172.55,175.0,174.3,18602.0,32.44
2013-05-03,173.95,173.95,170.2,173.0,171.95,23542.0,40.5
2013-05-02,172.0,174.0,170.8,174.0,172.75,69441.0,119.8
2013-04-30,171.05,174.0,170.0,171.45,170.9,4645.0,7.97
2013-04-29,169.0,176.0,169.0,173.0,173.05,26285.0,45.65
2013-04-26,166.0,171.0,165.15,170.75,170.7,287777.0,489.36
2013-04-25,169.85,171.0,168.0,168.05,168.1,16586.0,28.06
2013-04-23,171.95,173.0,168.65,169.5,169.45,16237.0,27.51
2013-04-22,172.4,173.3,168.3,168.4,168.75,17107.0,28.94
2013-04-18,169.95,171.8,169.0,170.5,170.65,17425.0,29.65
2013-04-17,171.55,172.3,168.0,169.8,169.75,312019.0,530.55
2013-04-16,171.4,172.0,169.1,171.3,171.15,35269.0,60.18
2013-04-15,170.25,172.0,167.8,171.75,171.85,188513.0,324.13
2013-04-12,168.0,172.0,166.1,169.55,170.55,15542.0,26.5
2013-04-11,173.0,173.0,167.0,168.6,168.3,21009.0,35.59
2013-04-10,171.2,173.9,169.0,172.0,171.65,58029.0,99.49
2013-04-09,173.3,174.75,171.0,172.45,171.35,13703.0,23.64
2013-04-08,175.0,175.0,170.0,174.0,173.9,216898.0,373.42
2013-04-05,170.85,173.85,169.6,172.5,172.45,46510.0,80.07
2013-04-04,172.0,173.45,169.15,170.2,170.85,72842.0,124.71
2013-04-03,179.0,179.0,170.5,171.4,171.55,347423.0,604.77
2013-04-02,164.0,176.4,163.15,175.0,174.25,786420.0,1347.11
2013-04-01,159.95,175.9,158.0,164.7,161.8,7902123.0,13277.34
